COUNTRY,question,value,round
1,Q3OTHER,haoussa,r4
2,Q3OTHER,sebanderu,r4
2,Q3OTHER,segxereku,r4
2,Q3OTHER,senajwa,r4
2,Q3OTHER,seshona,r4
2,Q3OTHER,sesotho,r4
2,Q3OTHER,setlharwa,r4
2,Q3OTHER,setswapong,r4
2,Q3OTHER,sezezuru,r4
3,Q3OTHER,bella,r4
3,Q3OTHER,dogon,r4
3,Q3OTHER,kado,r4
3,Q3OTHER,karakan,r4
3,Q3OTHER,pougouli,r4
3,Q3OTHER,sissaba,r4
3,Q3OTHER,tamacheck,r4
3,Q3OTHER,toussian,r4
5,Q3OTHER,assin,r4
5,Q3OTHER,banda,r4
5,Q3OTHER,basare,r4
5,Q3OTHER,basseli,r4
5,Q3OTHER,bemuba,r4
5,Q3OTHER,bimoba,r4
5,Q3OTHER,bisab,r4
5,Q3OTHER,brefo,r4
5,Q3OTHER,brosa,r4
5,Q3OTHER,builsa,r4
5,Q3OTHER,bule,r4
5,Q3OTHER,busanga,r4
5,Q3OTHER,buzanga,r4
5,Q3OTHER,dagaari,r4
5,Q3OTHER,dagate,r4
5,Q3OTHER,dagomba,r4
5,Q3OTHER,dolime,r4
5,Q3OTHER,efutu,r4
5,Q3OTHER,fanti,r4
5,Q3OTHER,frafra,r4
5,Q3OTHER,gonja,r4
5,Q3OTHER,gruma,r4
5,Q3OTHER,gruni,r4
5,Q3OTHER,grussi,r4
5,Q3OTHER,guan,r4
5,Q3OTHER,kasem,r4
5,Q3OTHER,kasina,r4
5,Q3OTHER,konkoba,r4
5,Q3OTHER,kotokoli,r4
5,Q3OTHER,kusal,r4
5,Q3OTHER,kusasi,r4
5,Q3OTHER,larteh,r4
5,Q3OTHER,lekpekpe,r4
5,Q3OTHER,mampruli,r4
5,Q3OTHER,mamprusi,r4
5,Q3OTHER,mossi,r4
5,Q3OTHER,nafana,r4
5,Q3OTHER,nanum,r4
5,Q3OTHER,nzema,r4
5,Q3OTHER,sefwi,r4
5,Q3OTHER,sisila,r4
5,Q3OTHER,talensi,r4
5,Q3OTHER,tampulma,r4
5,Q3OTHER,wa dormu,r4
5,Q3OTHER,waala,r4
5,Q3OTHER,wassa,r4
5,Q3OTHER,zabrama,r4
5,Q3OTHER,zugu,r4
6,Q3OTHER,arabic,r4
6,Q3OTHER,bajun,r4
6,Q3OTHER,borana,r4
6,Q3OTHER,digo,r4
6,Q3OTHER,gabra,r4
6,Q3OTHER,giriama,r4
6,Q3OTHER,gujarat,r4
6,Q3OTHER,indian,r4
6,Q3OTHER,kipsigis,r4
6,Q3OTHER,pokomo,r4
6,Q3OTHER,saboti,r4
6,Q3OTHER,teso,r4
6,Q3OTHER,tiriki,r4
7,Q3OTHER,isixhoza,r4
7,Q3OTHER,mzema,r4
7,Q3OTHER,zhoza,r4
8,Q3OTHER,sarpo,r4
10,Q3OTHER,khokhola,r4
10,Q3OTHER,namwanga,r4
10,Q3OTHER,ndali,r4
10,Q3OTHER,nyika,r4
10,Q3OTHER,wiza,r4
11,Q3OTHER,haoussa,r4
11,Q3OTHER,kakolo,r4
11,Q3OTHER,samogo,r4
11,Q3OTHER,zerma,r4
12,Q3OTHER,cheua,r4
12,Q3OTHER,chewa,r4
12,Q3OTHER,chewe,r4
12,Q3OTHER,chimanica,r4
12,Q3OTHER,chiteue,r4
12,Q3OTHER,chiute,r4
12,Q3OTHER,chona,r4
12,Q3OTHER,chuabo,r4
12,Q3OTHER,coti,r4
12,Q3OTHER,kimwani,r4
12,Q3OTHER,lolo,r4
12,Q3OTHER,lomue,r4
12,Q3OTHER,lomwe,r4
12,Q3OTHER,macheua,r4
12,Q3OTHER,makwe,r4
12,Q3OTHER,malolo,r4
12,Q3OTHER,manhembane,r4
12,Q3OTHER,manhungue,r4
12,Q3OTHER,marenge,r4
12,Q3OTHER,marenje,r4
12,Q3OTHER,mateue,r4
12,Q3OTHER,mathewe,r4
12,Q3OTHER,matsua,r4
12,Q3OTHER,muani,r4
12,Q3OTHER,muauni,r4
12,Q3OTHER,muniga,r4
12,Q3OTHER,munoga,r4
12,Q3OTHER,nhungue,r4
12,Q3OTHER,nyungue,r4
12,Q3OTHER,ronga,r4
12,Q3OTHER,sena,r4
12,Q3OTHER,shona,r4
12,Q3OTHER,"shona, cheua",r4
12,Q3OTHER,tacuane,r4
12,Q3OTHER,tewe,r4
12,Q3OTHER,tonga,r4
12,Q3OTHER,xiteu,r4
12,Q3OTHER,xitsua,r4
13,Q3OTHER,mufwe,r4
13,Q3OTHER,nyemba,r4
13,Q3OTHER,san,r4
13,Q3OTHER,sifwe,r4
13,Q3OTHER,totela,r4
13,Q3OTHER,uumbundu,r4
14,Q3OTHER,abi,r4
14,Q3OTHER,abua,r4
14,Q3OTHER,adun,r4
14,Q3OTHER,afikpo,r4
14,Q3OTHER,ahuda,r4
14,Q3OTHER,aka,r4
14,Q3OTHER,akwandara,r4
14,Q3OTHER,andoni,r4
14,Q3OTHER,angas,r4
14,Q3OTHER,ankwai,r4
14,Q3OTHER,arago,r4
14,Q3OTHER,awak,r4
14,Q3OTHER,awori,r4
14,Q3OTHER,azoqo,r4
14,Q3OTHER,babur,r4
14,Q3OTHER,bachama,r4
14,Q3OTHER,bada,r4
14,Q3OTHER,balawa,r4
14,Q3OTHER,bassa,r4
14,Q3OTHER,bazanfara,r4
14,Q3OTHER,bekwaira,r4
14,Q3OTHER,betem,r4
14,Q3OTHER,bette,r4
14,Q3OTHER,birom,r4
14,Q3OTHER,bisa,r4
14,Q3OTHER,brass,r4
14,Q3OTHER,calabar,r4
14,Q3OTHER,chibok,r4
14,Q3OTHER,cross river yala,r4
14,Q3OTHER,diemak,r4
14,Q3OTHER,eapie,r4
14,Q3OTHER,ecthie,r4
14,Q3OTHER,egbema,r4
14,Q3OTHER,egbma,r4
14,Q3OTHER,egede,r4
14,Q3OTHER,eggon,r4
14,Q3OTHER,ejagam,r4
14,Q3OTHER,eleme,r4
14,Q3OTHER,epeye,r4
14,Q3OTHER,epia,r4
14,Q3OTHER,gbagyi,r4
14,Q3OTHER,glanda,r4
14,Q3OTHER,gomai,r4
14,Q3OTHER,gwari,r4
14,Q3OTHER,higgi,r4
14,Q3OTHER,ibani,r4
14,Q3OTHER,ichen,r4
14,Q3OTHER,igara,r4
14,Q3OTHER,igede,r4
14,Q3OTHER,ipia,r4
14,Q3OTHER,iyala,r4
14,Q3OTHER,jukun,r4
14,Q3OTHER,jukun donga,r4
14,Q3OTHER,kagoro,r4
14,Q3OTHER,kagoru,r4
14,Q3OTHER,kalabari,r4
14,Q3OTHER,kambari,r4
14,Q3OTHER,kambu,r4
14,Q3OTHER,kari-kari,r4
14,Q3OTHER,kataf,r4
14,Q3OTHER,kataf(atyap),r4
14,Q3OTHER,khana,r4
14,Q3OTHER,kuteb,r4
14,Q3OTHER,kwalla,r4
14,Q3OTHER,mambilla,r4
14,Q3OTHER,manga,r4
14,Q3OTHER,marghi,r4
14,Q3OTHER,mbembe,r4
14,Q3OTHER,michica,r4
14,Q3OTHER,minyam,r4
14,Q3OTHER,mumuye,r4
14,Q3OTHER,muryang,r4
14,Q3OTHER,mwaghawul,r4
14,Q3OTHER,ndoro,r4
14,Q3OTHER,nedere,r4
14,Q3OTHER,numana,r4
14,Q3OTHER,obubra,r4
14,Q3OTHER,ogaja,r4
14,Q3OTHER,ogbia,r4
14,Q3OTHER,okirika,r4
14,Q3OTHER,opobo,r4
14,Q3OTHER,oron,r4
14,Q3OTHER,rendere,r4
14,Q3OTHER,shuwa arab,r4
14,Q3OTHER,tangale,r4
14,Q3OTHER,tarah,r4
14,Q3OTHER,tera,r4
14,Q3OTHER,tigum,r4
14,Q3OTHER,tigun,r4
14,Q3OTHER,ugep,r4
14,Q3OTHER,waja,r4
14,Q3OTHER,yakur,r4
14,Q3OTHER,zuru,r4
15,Q3OTHER,balante,r4
15,Q3OTHER,marocain,r4
16,Q3OTHER,asian,r4
16,Q3OTHER,asian/indian,r4
16,Q3OTHER,chichewa,r4
16,Q3OTHER,indian,r4
16,Q3OTHER,pashto,r4
17,Q3OTHER,kakaguru,r4
17,Q3OTHER,kial-yorobi,r4
17,Q3OTHER,kiarusha,r4
17,Q3OTHER,kiasi,r4
17,Q3OTHER,kibarbaik,r4
17,Q3OTHER,kibembe,r4
17,Q3OTHER,kibena,r4
17,Q3OTHER,kibondei,r4
17,Q3OTHER,kibungu,r4
17,Q3OTHER,kidigo,r4
17,Q3OTHER,kiha,r4
17,Q3OTHER,kihangaza,r4
17,Q3OTHER,kihindi,r4
17,Q3OTHER,kiiraqi,r4
17,Q3OTHER,kijaluo,r4
17,Q3OTHER,kijita,r4
17,Q3OTHER,kikerewe,r4
17,Q3OTHER,kikimbu,r4
17,Q3OTHER,kikine,r4
17,Q3OTHER,kikinga,r4
17,Q3OTHER,kikonongo,r4
17,Q3OTHER,kikutu,r4
17,Q3OTHER,kikwaya,r4
17,Q3OTHER,kilambya,r4
17,Q3OTHER,kilindi,r4
17,Q3OTHER,kilungwa,r4
17,Q3OTHER,kimakua,r4
17,Q3OTHER,kimalila,r4
17,Q3OTHER,kimambwe,r4
17,Q3OTHER,kimatengo,r4
17,Q3OTHER,kimatumbi,r4
17,Q3OTHER,kimbembe,r4
17,Q3OTHER,kimbulu,r4
17,Q3OTHER,kimbungo,r4
17,Q3OTHER,kimeru,r4
17,Q3OTHER,kimwera,r4
17,Q3OTHER,kindali,r4
17,Q3OTHER,kindamba,r4
17,Q3OTHER,kindendeule,r4
17,Q3OTHER,kindengereko,r4
17,Q3OTHER,kingindo,r4
17,Q3OTHER,kingoni,r4
17,Q3OTHER,kinyagazwa,r4
17,Q3OTHER,kinyambo,r4
17,Q3OTHER,kinyamwanga,r4
17,Q3OTHER,kinyiha,r4
17,Q3OTHER,kipangwa,r4
17,Q3OTHER,kipimbwe,r4
17,Q3OTHER,kipogoro,r4
17,Q3OTHER,kirangi,r4
17,Q3OTHER,kiryeri,r4
17,Q3OTHER,kisafwa,r4
17,Q3OTHER,kisagara,r4
17,Q3OTHER,kisambaa,r4
17,Q3OTHER,kisangu,r4
17,Q3OTHER,kishihiri,r4
17,Q3OTHER,kishirazi,r4
17,Q3OTHER,kishubi,r4
17,Q3OTHER,kisuba,r4
17,Q3OTHER,kisumbwa,r4
17,Q3OTHER,kitumbatu,r4
17,Q3OTHER,kividunda,r4
17,Q3OTHER,kiwanji,r4
17,Q3OTHER,kiyao,r4
17,Q3OTHER,kizanaki,r4
17,Q3OTHER,kizaramo,r4
17,Q3OTHER,kizigua,r4
17,Q3OTHER,kizinza,r4
18,Q3OTHER,akumu,r4
18,Q3OTHER,aringa,r4
18,Q3OTHER,kakwa,r4
18,Q3OTHER,karamajong,r4
18,Q3OTHER,kumam,r4
18,Q3OTHER,lululi,r4
18,Q3OTHER,lwamba,r4
18,Q3OTHER,nubian,r4
18,Q3OTHER,rufumbira,r4
18,Q3OTHER,rulundi,r4
18,Q3OTHER,runyarwanda,r4
18,Q3OTHER,rwandese,r4
18,Q3OTHER,sabiny,r4
19,Q3OTHER,bwile,r4
19,Q3OTHER,chokwe,r4
19,Q3OTHER,icishila,r4
19,Q3OTHER,kunda,r4
19,Q3OTHER,lala,r4
19,Q3OTHER,lamba,r4
19,Q3OTHER,luchazi,r4
19,Q3OTHER,lunda kazembe,r4
19,Q3OTHER,lungu,r4
19,Q3OTHER,mbunda,r4
19,Q3OTHER,ndebele,r4
19,Q3OTHER,ngumbo,r4
19,Q3OTHER,nyika,r4
19,Q3OTHER,sala,r4
19,Q3OTHER,senga,r4
19,Q3OTHER,shona,r4
19,Q3OTHER,swaka,r4
19,Q3OTHER,tokaleya,r4
19,Q3OTHER,ushi,r4
19,Q3OTHER,usmi,r4
19,Q3OTHER,zezulu,r4
20,Q3OTHER,budya,r4
20,Q3OTHER,changani,r4
20,Q3OTHER,chewa,r4
20,Q3OTHER,chikaranga,r4
20,Q3OTHER,dombe,r4
20,Q3OTHER,karanga,r4
20,Q3OTHER,korekore,r4
20,Q3OTHER,malawian,r4
20,Q3OTHER,manica (mozambican),r4
20,Q3OTHER,manyika,r4
20,Q3OTHER,maungwe,r4
20,Q3OTHER,mozambican,r4
20,Q3OTHER,nambia,r4
20,Q3OTHER,nambya,r4
20,Q3OTHER,ndau,r4
20,Q3OTHER,nyaho (chawa),r4
20,Q3OTHER,nyanja,r4
20,Q3OTHER,shangani,r4
20,Q3OTHER,taura (mozambican),r4
20,Q3OTHER,yao,r4
20,Q3OTHER,zezuru,r4
1,Q103OTHER,boo,r5
1,Q103OTHER,ditamari,r5
1,Q103OTHER,peulh,r5
6,Q103OTHER,eng and swahili,r5
6,Q103OTHER,kisii,r5
6,Q103OTHER,kuria,r5
6,Q103OTHER,masai,r5
6,Q103OTHER,pokot,r5
6,Q103OTHER,somali,r5
6,Q103OTHER,swahili,r5
6,Q103OTHER,turkana,r5
7,Q103OTHER,sethepu,r5
8,Q103OTHER,standard english,r5
12,Q103OTHER,ronga,r5
12,Q103OTHER,xitsua,r5
15,Q103OTHER,badiaranke,r5
16,Q103OTHER,shangaan,r5
16,Q103OTHER,siswati,r5
16,Q103OTHER,tsonga,r5
18,Q103OTHER,lugwere,r5
19,Q103OTHER,senga,r5
19,Q103OTHER,tumbuka,r5
20,Q103OTHER,nambya,r5
20,Q103OTHER,ndau,r5
20,Q103OTHER,nyanja,r5
20,Q103OTHER,shona & ndebele,r5
21,Q103OTHER,bhojpuri,r5
22,Q103OTHER,limba,r5
22,Q103OTHER,sherbro,r5
24,Q103OTHER,akebou,r5
24,Q103OTHER,gangan,r5
24,Q103OTHER,gourma,r5
24,Q103OTHER,haoussa,r5
24,Q103OTHER,kpessi,r5
24,Q103OTHER,mina,r5
26,Q103OTHER,baham,r5
26,Q103OTHER,bandjoun,r5
26,Q103OTHER,dii,r5
26,Q103OTHER,guidar,r5
26,Q103OTHER,haoussa,r5
26,Q103OTHER,mafa,r5
26,Q103OTHER,mbamois,r5
26,Q103OTHER,mbo,r5
26,Q103OTHER,mboum,r5
26,Q103OTHER,tikar,r5
26,Q103OTHER,yambassa,r5
28,Q103OTHER,bassano foula,r5
28,Q103OTHER,landouma,r5
28,Q103OTHER,manian,r5
30,Q103OTHER,isizulu,r5
1,Q116OTHER,boo,r5
3,Q116OTHER,fulse,r5
5,Q116OTHER,dagaare,r5
5,Q116OTHER,frafra,r5
5,Q116OTHER,waale,r5
12,Q116OTHER,chitewe,r5
12,Q116OTHER,xitswa,r5
14,Q116OTHER,babur,r5
14,Q116OTHER,bachama,r5
14,Q116OTHER,bajju,r5
14,Q116OTHER,bassa,r5
14,Q116OTHER,burah,r5
14,Q116OTHER,izere,r5
14,Q116OTHER,jaba,r5
14,Q116OTHER,jarawa,r5
14,Q116OTHER,jukun,r5
14,Q116OTHER,koro,r5
14,Q116OTHER,ngas,r5
14,Q116OTHER,ron,r5
14,Q116OTHER,sayawa,r5
14,Q116OTHER,zuru,r5
17,Q116OTHER,kijita,r5
17,Q116OTHER,kiluri,r5
18,Q116OTHER,rufumbiira,r5
19,Q116OTHER,nyika,r5
24,Q116OTHER,anyanga,r5
26,Q116OTHER,bandjoun,r5
26,Q116OTHER,banen,r5
26,Q116OTHER,bassa,r5
26,Q116OTHER,bayangam,r5
26,Q116OTHER,eton,r5
26,Q116OTHER,kotoko,r5
26,Q116OTHER,mafa,r5
26,Q116OTHER,mbo,r5
26,Q116OTHER,ntoumou,r5
26,Q116OTHER,nyem nyem,r5
27,Q116OTHER,aboure,r5
27,Q116OTHER,ahizi,r5
27,Q116OTHER,dahomey,r5
27,Q116OTHER,toura,r5
27,Q116OTHER,wobe,r5
33,Q116OTHER,tamazight,r5
1,Q2OTHER,boo,r5
1,Q2OTHER,fodo,r5
1,Q2OTHER,houssa,r5
1,Q2OTHER,kotocoli,r5
1,Q2OTHER,koura,r5
1,Q2OTHER,natimba,r5
1,Q2OTHER,waama,r5
1,Q2OTHER,zerma,r5
2,Q2OTHER,mokaa,r5
2,Q2OTHER,parakarungu,r5
2,Q2OTHER,sebanderu,r5
2,Q2OTHER,sebolongwe,r5
2,Q2OTHER,sekolong,r5
2,Q2OTHER,senanjwa,r5
2,Q2OTHER,sepedi,r5
2,Q2OTHER,setebele,r5
2,Q2OTHER,setlharo,r5
2,Q2OTHER,setswapong,r5
3,Q2OTHER,bobo,r5
3,Q2OTHER,bolon,r5
3,Q2OTHER,dafing,r5
3,Q2OTHER,dogosse,r5
3,Q2OTHER,haoussa,r5
3,Q2OTHER,mionga,r5
3,Q2OTHER,sambla,r5
3,Q2OTHER,toussian,r5
3,Q2OTHER,turka,r5
3,Q2OTHER,yanan,r5
5,Q2OTHER,akan,r5
5,Q2OTHER,akyode,r5
5,Q2OTHER,awutu,r5
5,Q2OTHER,ayigbe,r5
5,Q2OTHER,banda,r5
5,Q2OTHER,basare,r5
5,Q2OTHER,battor,r5
5,Q2OTHER,bimoba,r5
5,Q2OTHER,birifori,r5
5,Q2OTHER,buile,r5
5,Q2OTHER,builsa,r5
5,Q2OTHER,busanga,r5
5,Q2OTHER,chamba,r5
5,Q2OTHER,chimullu,r5
5,Q2OTHER,chokosi,r5
5,Q2OTHER,dagaare,r5
5,Q2OTHER,dagomba,r5
5,Q2OTHER,dibebi,r5
5,Q2OTHER,fante,r5
5,Q2OTHER,frafra,r5
5,Q2OTHER,fulani,r5
5,Q2OTHER,gonja,r5
5,Q2OTHER,gruni,r5
5,Q2OTHER,guan,r5
5,Q2OTHER,guruma,r5
5,Q2OTHER,hanga,r5
5,Q2OTHER,kanjaga,r5
5,Q2OTHER,kasena,r5
5,Q2OTHER,konkomba,r5
5,Q2OTHER,kotokoli,r5
5,Q2OTHER,krachi,r5
5,Q2OTHER,krobo,r5
5,Q2OTHER,kusaasi,r5
5,Q2OTHER,kusal,r5
5,Q2OTHER,lakpakaw,r5
5,Q2OTHER,mampruli,r5
5,Q2OTHER,moshie,r5
5,Q2OTHER,nabdam,r5
5,Q2OTHER,nanumba,r5
5,Q2OTHER,nawurt,r5
5,Q2OTHER,nkura,r5
5,Q2OTHER,nusu,r5
5,Q2OTHER,nzema,r5
5,Q2OTHER,sissala,r5
5,Q2OTHER,talensi,r5
5,Q2OTHER,timbru,r5
5,Q2OTHER,tombolon,r5
5,Q2OTHER,waala,r5
5,Q2OTHER,wangra,r5
5,Q2OTHER,zamrama,r5
6,Q2OTHER,arabic,r5
6,Q2OTHER,asian south,r5
6,Q2OTHER,borana,r5
6,Q2OTHER,dinka,r5
6,Q2OTHER,giriama,r5
6,Q2OTHER,gujrathi,r5
6,Q2OTHER,"half taita, half zai",r5
6,Q2OTHER,hindu,r5
6,Q2OTHER,indian,r5
6,Q2OTHER,kenyan,r5
6,Q2OTHER,kirinyaga,r5
6,Q2OTHER,kuria,r5
6,Q2OTHER,marachi,r5
6,Q2OTHER,mbeere,r5
6,Q2OTHER,nubian,r5
6,Q2OTHER,oroma,r5
6,Q2OTHER,pokomo,r5
6,Q2OTHER,punjabi,r5
6,Q2OTHER,rendile,r5
6,Q2OTHER,sabaot,r5
6,Q2OTHER,shelshel,r5
6,Q2OTHER,suba,r5
6,Q2OTHER,teso,r5
6,Q2OTHER,tharaka,r5
6,Q2OTHER,wardei,r5
7,Q2OTHER,xhosa,r5
8,Q2OTHER,sapo,r5
10,Q2OTHER,chilambya,r5
10,Q2OTHER,chinamwanga,r5
10,Q2OTHER,chindali,r5
10,Q2OTHER,chindalii,r5
10,Q2OTHER,chindebele,r5
10,Q2OTHER,chinyakyusa,r5
10,Q2OTHER,chinyika,r5
11,Q2OTHER,dafing,r5
12,Q2OTHER,bitonga,r5
12,Q2OTHER,chechewa,r5
12,Q2OTHER,chibarue,r5
12,Q2OTHER,chibaure,r5
12,Q2OTHER,chiburue,r5
12,Q2OTHER,chichewa,r5
12,Q2OTHER,chigorongozi,r5
12,Q2OTHER,chimanica,r5
12,Q2OTHER,chimarenge,r5
12,Q2OTHER,chingoni,r5
12,Q2OTHER,chingozi,r5
12,Q2OTHER,chinhungue,r5
12,Q2OTHER,chitawala,r5
12,Q2OTHER,chitewe,r5
12,Q2OTHER,chitswa,r5
12,Q2OTHER,cicoti,r5
12,Q2OTHER,english,r5
12,Q2OTHER,kimuani,r5
12,Q2OTHER,lolo,r5
12,Q2OTHER,lomwe,r5
12,Q2OTHER,lumwe,r5
12,Q2OTHER,manhawa,r5
12,Q2OTHER,nharinga,r5
12,Q2OTHER,nsenga,r5
12,Q2OTHER,ronga,r5
12,Q2OTHER,tacuane,r5
12,Q2OTHER,yao,r5
13,Q2OTHER,barakwena,r5
13,Q2OTHER,kavango,r5
13,Q2OTHER,nyemba,r5
13,Q2OTHER,rumbundu,r5
13,Q2OTHER,shona,r5
13,Q2OTHER,zembas,r5
14,Q2OTHER,afizere,r5
14,Q2OTHER,agbor,r5
14,Q2OTHER,ahoada,r5
14,Q2OTHER,akumazi,r5
14,Q2OTHER,alago,r5
14,Q2OTHER,amoh,r5
14,Q2OTHER,anang,r5
14,Q2OTHER,andoni,r5
14,Q2OTHER,angas,r5
14,Q2OTHER,attakar,r5
14,Q2OTHER,auchi,r5
14,Q2OTHER,awa,r5
14,Q2OTHER,bagwom,r5
14,Q2OTHER,bajju,r5
14,Q2OTHER,bakamuka,r5
14,Q2OTHER,basange,r5
14,Q2OTHER,bille,r5
14,Q2OTHER,birom,r5
14,Q2OTHER,bogobara,r5
14,Q2OTHER,bole,r5
14,Q2OTHER,borom,r5
14,Q2OTHER,bura,r5
14,Q2OTHER,chamba,r5
14,Q2OTHER,chawai,r5
14,Q2OTHER,chibok,r5
14,Q2OTHER,delta,r5
14,Q2OTHER,egbueuakaa,r5
14,Q2OTHER,eggon,r5
14,Q2OTHER,ejagam,r5
14,Q2OTHER,ekpeye,r5
14,Q2OTHER,eleme,r5
14,Q2OTHER,etsako,r5
14,Q2OTHER,ezi delta igbo,r5
14,Q2OTHER,fakun,r5
14,Q2OTHER,gbagyi,r5
14,Q2OTHER,gbile,r5
14,Q2OTHER,geum,r5
14,Q2OTHER,gwandara,r5
14,Q2OTHER,gwari,r5
14,Q2OTHER,gwoza,r5
14,Q2OTHER,higgi,r5
14,Q2OTHER,ibaji,r5
14,Q2OTHER,ibie,r5
14,Q2OTHER,ijaw,r5
14,Q2OTHER,ika,r5
14,Q2OTHER,ikom,r5
14,Q2OTHER,ikpena,r5
14,Q2OTHER,irigwe,r5
14,Q2OTHER,isoko,r5
14,Q2OTHER,izere,r5
14,Q2OTHER,jaba,r5
14,Q2OTHER,jaja,r5
14,Q2OTHER,jarawa,r5
14,Q2OTHER,jenjo,r5
14,Q2OTHER,jukun,r5
14,Q2OTHER,kadara,r5
14,Q2OTHER,kagoma,r5
14,Q2OTHER,kalabari,r5
14,Q2OTHER,karekare,r5
14,Q2OTHER,karmo,r5
14,Q2OTHER,kataf,r5
14,Q2OTHER,khana,r5
14,Q2OTHER,koro,r5
14,Q2OTHER,kurama,r5
14,Q2OTHER,kuteb,r5
14,Q2OTHER,mada,r5
14,Q2OTHER,magu,r5
14,Q2OTHER,margi,r5
14,Q2OTHER,mbube,r5
14,Q2OTHER,michika,r5
14,Q2OTHER,migili,r5
14,Q2OTHER,miyawa,r5
14,Q2OTHER,mumuye,r5
14,Q2OTHER,mupun,r5
14,Q2OTHER,mwaghavul,r5
14,Q2OTHER,nbula,r5
14,Q2OTHER,ngas,r5
14,Q2OTHER,nigili,r5
14,Q2OTHER,ningawa,r5
14,Q2OTHER,north ivie,r5
14,Q2OTHER,ogoja,r5
14,Q2OTHER,ohafia,r5
14,Q2OTHER,okpe,r5
14,Q2OTHER,okpella,r5
14,Q2OTHER,okrika,r5
14,Q2OTHER,olukumi,r5
14,Q2OTHER,once,r5
14,Q2OTHER,ososo,r5
14,Q2OTHER,ron,r5
14,Q2OTHER,sayawa,r5
14,Q2OTHER,shuwa,r5
14,Q2OTHER,tangale,r5
14,Q2OTHER,tarok,r5
14,Q2OTHER,tiv,r5
14,Q2OTHER,ukwale,r5
14,Q2OTHER,ukwani,r5
14,Q2OTHER,uwa,r5
14,Q2OTHER,uzeba,r5
14,Q2OTHER,yakhor,r5
14,Q2OTHER,youm,r5
14,Q2OTHER,zamji,r5
14,Q2OTHER,zuro,r5
15,Q2OTHER,badiaranke,r5
15,Q2OTHER,balante,r5
15,Q2OTHER,bayotte,r5
15,Q2OTHER,diahanke,r5
15,Q2OTHER,mankagne,r5
15,Q2OTHER,maure,r5
15,Q2OTHER,pepele,r5
15,Q2OTHER,portugais,r5
15,Q2OTHER,soussou,r5
15,Q2OTHER,tourka,r5
16,Q2OTHER,bulgarian,r5
16,Q2OTHER,chinese,r5
16,Q2OTHER,tsonga,r5
17,Q2OTHER,kiarusha,r5
17,Q2OTHER,kibena,r5
17,Q2OTHER,kibende,r5
17,Q2OTHER,kibondei,r5
17,Q2OTHER,kibunga,r5
17,Q2OTHER,kibungu,r5
17,Q2OTHER,kidoe,r5
17,Q2OTHER,kifipa,r5
17,Q2OTHER,kigindo,r5
17,Q2OTHER,kigunya,r5
17,Q2OTHER,kigweno,r5
17,Q2OTHER,kiha,r5
17,Q2OTHER,kihangaza,r5
17,Q2OTHER,kiikizu,r5
17,Q2OTHER,kiiraq,r5
17,Q2OTHER,kijaluo,r5
17,Q2OTHER,kijita,r5
17,Q2OTHER,kikagulu,r5
17,Q2OTHER,kikaguru,r5
17,Q2OTHER,kikahe,r5
17,Q2OTHER,kikala,r5
17,Q2OTHER,kikamba,r5
17,Q2OTHER,kikerewe,r5
17,Q2OTHER,kikiizu,r5
17,Q2OTHER,kikinga,r5
17,Q2OTHER,kikisi,r5
17,Q2OTHER,kikutu,r5
17,Q2OTHER,kikwaya,r5
17,Q2OTHER,kilongo,r5
17,Q2OTHER,kiluri,r5
17,Q2OTHER,kimakua,r5
17,Q2OTHER,kimakunduchi,r5
17,Q2OTHER,kimalila,r5
17,Q2OTHER,kimambwe,r5
17,Q2OTHER,kimanda,r5
17,Q2OTHER,kimatengo,r5
17,Q2OTHER,kimatumbi,r5
17,Q2OTHER,kimbulu,r5
17,Q2OTHER,kimdale,r5
17,Q2OTHER,kimuwanji,r5
17,Q2OTHER,kimwera,r5
17,Q2OTHER,kinata,r5
17,Q2OTHER,kindali,r5
17,Q2OTHER,kindamba,r5
17,Q2OTHER,kindendeule,r5
17,Q2OTHER,kindengereko,r5
17,Q2OTHER,kingindo,r5
17,Q2OTHER,kinguu,r5
17,Q2OTHER,kinyagatwa,r5
17,Q2OTHER,kinyambo,r5
17,Q2OTHER,kinyamwanga,r5
17,Q2OTHER,kinyamwezi,r5
17,Q2OTHER,kinyasa,r5
17,Q2OTHER,kinyaturu,r5
17,Q2OTHER,kinyiha,r5
17,Q2OTHER,kipagebi,r5
17,Q2OTHER,kipangwa,r5
17,Q2OTHER,kipemba,r5
17,Q2OTHER,kipimbwe,r5
17,Q2OTHER,kipogoro,r5
17,Q2OTHER,kirangi,r5
17,Q2OTHER,kirufiji,r5
17,Q2OTHER,kisafwa,r5
17,Q2OTHER,kisagala,r5
17,Q2OTHER,kisambaa,r5
17,Q2OTHER,kisandawe,r5
17,Q2OTHER,kisangu,r5
17,Q2OTHER,kisanzu,r5
17,Q2OTHER,kishirazi,r5
17,Q2OTHER,kisimbiti,r5
17,Q2OTHER,kisubi,r5
17,Q2OTHER,kisumbwa,r5
17,Q2OTHER,kisunva,r5
17,Q2OTHER,kiswahili,r5
17,Q2OTHER,kitatuu,r5
17,Q2OTHER,kitongwe,r5
17,Q2OTHER,kitumbatu,r5
17,Q2OTHER,kituwan,r5
17,Q2OTHER,kiuwanji,r5
17,Q2OTHER,kiyao,r5
17,Q2OTHER,kiyusi,r5
17,Q2OTHER,kizanaki,r5
17,Q2OTHER,kizaramo,r5
17,Q2OTHER,kizigua,r5
17,Q2OTHER,kizinza,r5
18,Q2OTHER,aringa,r5
18,Q2OTHER,bakenyi,r5
18,Q2OTHER,kakwa,r5
18,Q2OTHER,kebu,r5
18,Q2OTHER,kebu.,r5
18,Q2OTHER,kinyamulenge,r5
18,Q2OTHER,kumam,r5
18,Q2OTHER,lendu,r5
18,Q2OTHER,lubukusu,r5
18,Q2OTHER,lufubila,r5
18,Q2OTHER,lufumbira,r5
18,Q2OTHER,lugisu,r5
18,Q2OTHER,lugwere,r5
18,Q2OTHER,lukene,r5
18,Q2OTHER,lukuku,r5
18,Q2OTHER,lulamogi,r5
18,Q2OTHER,lululi,r5
18,Q2OTHER,lunyarwanda,r5
18,Q2OTHER,luruli,r5
18,Q2OTHER,lurundi,r5
18,Q2OTHER,lusudan,r5
18,Q2OTHER,lusudani,r5
18,Q2OTHER,lwamba,r5
18,Q2OTHER,mubwisi,r5
18,Q2OTHER,mufumbira,r5
18,Q2OTHER,mugishu,r5
18,Q2OTHER,mugungu,r5
18,Q2OTHER,mululi,r5
18,Q2OTHER,mulundi,r5
18,Q2OTHER,munyarwanda,r5
18,Q2OTHER,muruli,r5
18,Q2OTHER,musungora,r5
18,Q2OTHER,mutagwenda,r5
18,Q2OTHER,mutgwenda,r5
18,Q2OTHER,mwamba,r5
18,Q2OTHER,okebu,r5
18,Q2OTHER,ombach,r5
18,Q2OTHER,rufumbira,r5
18,Q2OTHER,rugisu,r5
18,Q2OTHER,rululi,r5
18,Q2OTHER,runyarwanda,r5
18,Q2OTHER,rutagwenda,r5
18,Q2OTHER,swahili,r5
18,Q2OTHER,tanzanian,r5
19,Q2OTHER,goba,r5
19,Q2OTHER,luba,r5
19,Q2OTHER,luchazi,r5
19,Q2OTHER,mulambya,r5
19,Q2OTHER,mumba,r5
19,Q2OTHER,ndebele,r5
19,Q2OTHER,shila,r5
19,Q2OTHER,shona,r5
19,Q2OTHER,siluchazi,r5
19,Q2OTHER,swaka,r5
19,Q2OTHER,yawa,r5
20,Q2OTHER,bocha,r5
20,Q2OTHER,buja,r5
20,Q2OTHER,chewa,r5
20,Q2OTHER,chikunda,r5
20,Q2OTHER,chitawala,r5
20,Q2OTHER,dombe,r5
20,Q2OTHER,garwe,r5
20,Q2OTHER,hindi,r5
20,Q2OTHER,hwesa,r5
20,Q2OTHER,jindwi,r5
20,Q2OTHER,maungwe,r5
20,Q2OTHER,mlemba,r5
20,Q2OTHER,muhera,r5
20,Q2OTHER,nambiya,r5
20,Q2OTHER,nyanja,r5
20,Q2OTHER,nyasaland,r5
20,Q2OTHER,shangani,r5
20,Q2OTHER,shangwe,r5
20,Q2OTHER,sotho,r5
20,Q2OTHER,tumbuka,r5
20,Q2OTHER,vhitori,r5
20,Q2OTHER,xhosa,r5
24,Q2OTHER,adele,r5
24,Q2OTHER,adja,r5
24,Q2OTHER,akebou,r5
24,Q2OTHER,aklobo,r5
24,Q2OTHER,anago,r5
24,Q2OTHER,ashanti,r5
24,Q2OTHER,bago,r5
24,Q2OTHER,bassar,r5
24,Q2OTHER,fon,r5
24,Q2OTHER,gourma,r5
24,Q2OTHER,haoussa,r5
24,Q2OTHER,kamboli,r5
24,Q2OTHER,komkomba,r5
24,Q2OTHER,konkomba,r5
24,Q2OTHER,kouloumi,r5
24,Q2OTHER,koussountou,r5
24,Q2OTHER,kpessi,r5
24,Q2OTHER,mossi,r5
24,Q2OTHER,ngam-gam,r5
24,Q2OTHER,peul,r5
24,Q2OTHER,sirka,r5
24,Q2OTHER,sola,r5
24,Q2OTHER,tchamba,r5
24,Q2OTHER,tchokossi,r5
24,Q2OTHER,temberma,r5
24,Q2OTHER,watchi,r5
24,Q2OTHER,yorouba,r5
26,Q2OTHER,abo,r5
26,Q2OTHER,aghem,r5
26,Q2OTHER,ambo-batibo,r5
26,Q2OTHER,arabe choa,r5
26,Q2OTHER,babanjou,r5
26,Q2OTHER,babis,r5
26,Q2OTHER,baboute,r5
26,Q2OTHER,babungo,r5
26,Q2OTHER,bachiotia,r5
26,Q2OTHER,badenkop,r5
26,Q2OTHER,badjoue,r5
26,Q2OTHER,bafanji,r5
26,Q2OTHER,bafmen,r5
26,Q2OTHER,bafo,r5
26,Q2OTHER,bafounda,r5
26,Q2OTHER,bafoussam,r5
26,Q2OTHER,baham,r5
26,Q2OTHER,bakassi,r5
26,Q2OTHER,bakoko,r5
26,Q2OTHER,bakossi,r5
26,Q2OTHER,bakweri,r5
26,Q2OTHER,balati,r5
26,Q2OTHER,bali,r5
26,Q2OTHER,balikumbat,r5
26,Q2OTHER,balinyongya,r5
26,Q2OTHER,balong,r5
26,Q2OTHER,bambili,r5
26,Q2OTHER,bamedjou,r5
26,Q2OTHER,bameka,r5
26,Q2OTHER,bamenda,r5
26,Q2OTHER,bamendjou,r5
26,Q2OTHER,bamessing,r5
26,Q2OTHER,bamumbu,r5
26,Q2OTHER,banen,r5
26,Q2OTHER,bangou,r5
26,Q2OTHER,banossi,r5
26,Q2OTHER,bapa,r5
26,Q2OTHER,bapoukou,r5
26,Q2OTHER,batcham,r5
26,Q2OTHER,batibo,r5
26,Q2OTHER,batie,r5
26,Q2OTHER,batomow,r5
26,Q2OTHER,baya,r5
26,Q2OTHER,bengwi,r5
26,Q2OTHER,bikom,r5
26,Q2OTHER,bobis,r5
26,Q2OTHER,bongken,r5
26,Q2OTHER,bouda,r5
26,Q2OTHER,bum,r5
26,Q2OTHER,daba,r5
26,Q2OTHER,dii,r5
26,Q2OTHER,djanch,r5
26,Q2OTHER,djem,r5
26,Q2OTHER,dschang,r5
26,Q2OTHER,du,r5
26,Q2OTHER,ejagam,r5
26,Q2OTHER,esimbi,r5
26,Q2OTHER,esu,r5
26,Q2OTHER,foulbe,r5
26,Q2OTHER,ghomala,r5
26,Q2OTHER,gizzigare,r5
26,Q2OTHER,gouife,r5
26,Q2OTHER,hina,r5
26,Q2OTHER,jukum,r5
26,Q2OTHER,kambu,r5
26,Q2OTHER,kangyang,r5
26,Q2OTHER,kanouri,r5
26,Q2OTHER,keyka,r5
26,Q2OTHER,klum,r5
26,Q2OTHER,kom,r5
26,Q2OTHER,koshin,r5
26,Q2OTHER,laka,r5
26,Q2OTHER,lebialem,r5
26,Q2OTHER,lele,r5
26,Q2OTHER,lemande,r5
26,Q2OTHER,limbum,r5
26,Q2OTHER,limbun,r5
26,Q2OTHER,lutu,r5
26,Q2OTHER,mada,r5
26,Q2OTHER,malimba,r5
26,Q2OTHER,mambila,r5
26,Q2OTHER,mandara,r5
26,Q2OTHER,mandoua,r5
26,Q2OTHER,manguissa,r5
26,Q2OTHER,mbem,r5
26,Q2OTHER,mbo,r5
26,Q2OTHER,mbu,r5
26,Q2OTHER,medoumba,r5
26,Q2OTHER,mefewele,r5
26,Q2OTHER,mekaf,r5
26,Q2OTHER,mendakwe,r5
26,Q2OTHER,menka,r5
26,Q2OTHER,mesagie,r5
26,Q2OTHER,meta,r5
26,Q2OTHER,metu,r5
26,Q2OTHER,mezime,r5
26,Q2OTHER,mockbie,r5
26,Q2OTHER,mousgoum,r5
26,Q2OTHER,mozeuille,r5
26,Q2OTHER,mpongo,r5
26,Q2OTHER,mundani,r5
26,Q2OTHER,nchang,r5
26,Q2OTHER,ndi,r5
26,Q2OTHER,ngemba,r5
26,Q2OTHER,ngi,r5
26,Q2OTHER,ngoa,r5
26,Q2OTHER,ngobale,r5
26,Q2OTHER,ngwoh,r5
26,Q2OTHER,nkambe,r5
26,Q2OTHER,nlimbom,r5
26,Q2OTHER,ntem,r5
26,Q2OTHER,ntenako,r5
26,Q2OTHER,nweh,r5
26,Q2OTHER,nyokon,r5
26,Q2OTHER,nzime,r5
26,Q2OTHER,obang,r5
26,Q2OTHER,oku,r5
26,Q2OTHER,oroko,r5
26,Q2OTHER,oshe,r5
26,Q2OTHER,peulh,r5
26,Q2OTHER,sanaga,r5
26,Q2OTHER,tchang,r5
26,Q2OTHER,wandala,r5
26,Q2OTHER,weh,r5
26,Q2OTHER,widikum,r5
26,Q2OTHER,wimbum,r5
26,Q2OTHER,womela,r5
26,Q2OTHER,zoulgo,r5
27,Q2OTHER,abidji,r5
27,Q2OTHER,aboure,r5
27,Q2OTHER,ahizi,r5
27,Q2OTHER,appolo,r5
27,Q2OTHER,bakwe,r5
27,Q2OTHER,djimini,r5
27,Q2OTHER,ebrie,r5
27,Q2OTHER,ehotile,r5
27,Q2OTHER,gagou,r5
27,Q2OTHER,gniaboua,r5
27,Q2OTHER,koro,r5
27,Q2OTHER,kouya,r5
27,Q2OTHER,kouzie,r5
27,Q2OTHER,koyaka,r5
27,Q2OTHER,mahouka,r5
27,Q2OTHER,mbatto,r5
27,Q2OTHER,neyo,r5
27,Q2OTHER,samoro,r5
27,Q2OTHER,sokouya,r5
27,Q2OTHER,tagbana,r5
27,Q2OTHER,teninka,r5
27,Q2OTHER,wobe,r5
27,Q2OTHER,zinninga,r5
28,Q2OTHER,bassano foula,r5
28,Q2OTHER,beka,r5
28,Q2OTHER,kakabhe,r5
28,Q2OTHER,kouranko,r5
28,Q2OTHER,landouma,r5
28,Q2OTHER,miguiforet,r5
28,Q2OTHER,nallou,r5
28,Q2OTHER,toma mania,r5
28,Q2OTHER,wome,r5
30,Q2OTHER,isizulu,r5
30,Q2OTHER,sizulu,r5
30,Q2OTHER,tsonga,r5
30,Q2OTHER,zulu,r5
31,Q2OTHER,tamazight,r5
33,Q2OTHER,hassaniya,r5
33,Q2OTHER,tamazight,r5
6,Q103OTHER,ghemba,r6
6,Q103OTHER,kotoko,r6
6,Q103OTHER,mada,r6
6,Q103OTHER,mafa,r6
6,Q103OTHER,moundang,r6
11,Q103OTHER,ada,r6
11,Q103OTHER,anyinam,r6
11,Q103OTHER,bimoba,r6
11,Q103OTHER,buzanga,r6
11,Q103OTHER,dagaari,r6
11,Q103OTHER,dagaarti,r6
11,Q103OTHER,frafra,r6
11,Q103OTHER,french,r6
11,Q103OTHER,gonja,r6
11,Q103OTHER,gruni,r6
11,Q103OTHER,grushi,r6
11,Q103OTHER,kaakye,r6
11,Q103OTHER,kokomba,r6
11,Q103OTHER,kotokoli,r6
11,Q103OTHER,krobo,r6
11,Q103OTHER,kusaasi,r6
11,Q103OTHER,kusal,r6
11,Q103OTHER,mamprusi,r6
11,Q103OTHER,mo,r6
11,Q103OTHER,mossi,r6
11,Q103OTHER,nankan,r6
11,Q103OTHER,sissala,r6
11,Q103OTHER,waala,r6
11,Q103OTHER,wangara,r6
11,Q103OTHER,wulisa,r6
12,Q103OTHER,francais,r6
12,Q103OTHER,francaise,r6
12,Q103OTHER,guerze,r6
12,Q103OTHER,mano,r6
12,Q103OTHER,soussou,r6
12,Q103OTHER,toma,r6
17,Q103OTHER,chilambya,r6
17,Q103OTHER,chinkhonde,r6
17,Q103OTHER,chitonga,r6
17,Q103OTHER,chiyao,r6
20,Q103OTHER,tamazight,r6
21,Q103OTHER,bitonga,r6
21,Q103OTHER,chape,r6
21,Q103OTHER,chiteye,r6
21,Q103OTHER,chona,r6
21,Q103OTHER,chongo,r6
21,Q103OTHER,chope,r6
21,Q103OTHER,chuabo,r6
21,Q103OTHER,ligote,r6
21,Q103OTHER,logote,r6
21,Q103OTHER,manhungue,r6
21,Q103OTHER,maronga,r6
21,Q103OTHER,nhungue,r6
21,Q103OTHER,outra lingua,r6
21,Q103OTHER,outras linguas,r6
21,Q103OTHER,poetugues e xitsua,r6
21,Q103OTHER,portugues e outras linguas,r6
21,Q103OTHER,portugues e sena,r6
21,Q103OTHER,sena,r6
21,Q103OTHER,sena e portugues,r6
21,Q103OTHER,tewe,r6
21,Q103OTHER,xitsua,r6
21,Q103OTHER,xitswa,r6
25,Q103OTHER,angolan,r6
25,Q103OTHER,angulares,r6
25,Q103OTHER,caboverdiano,r6
25,Q103OTHER,foro,r6
25,Q103OTHER,forro,r6
26,Q103OTHER,francais,r6
26,Q103OTHER,maure,r6
26,Q103OTHER,serere,r6
27,Q103OTHER,fullah,r6
27,Q103OTHER,kissi,r6
28,Q103OTHER,khoisan,r6
28,Q103OTHER,ndebela,r6
28,Q103OTHER,pedi,r6
28,Q103OTHER,setsonga,r6
28,Q103OTHER,siswati,r6
28,Q103OTHER,siswazi,r6
28,Q103OTHER,swazi,r6
28,Q103OTHER,tsonga,r6
28,Q103OTHER,xitsonga,r6
28,Q103OTHER,xtsonga,r6
30,Q103OTHER,zulu,r6
32,Q103OTHER,ewe,r6
32,Q103OTHER,francais,r6
32,Q103OTHER,kabye,r6
33,Q103OTHER,french,r6
34,Q103OTHER,kakwa,r6
34,Q103OTHER,kapsabinyi,r6
34,Q103OTHER,kupsabinyi,r6
34,Q103OTHER,lugwere,r6
34,Q103OTHER,lunyole,r6
34,Q103OTHER,lusamia,r6
34,Q103OTHER,ngakarimajong,r6
34,Q103OTHER,rufumbira,r6
34,Q103OTHER,runyarwanda,r6
35,Q103OTHER,bisa,r6
35,Q103OTHER,nsenga,r6
35,Q103OTHER,tumbka,r6
6,Q116OTHER,bafoussam,r6
6,Q116OTHER,bamileke,r6
6,Q116OTHER,bassa,r6
6,Q116OTHER,bene,r6
6,Q116OTHER,eton,r6
6,Q116OTHER,mbo,r6
6,Q116OTHER,moundang,r6
6,Q116OTHER,nkwen,r6
6,Q116OTHER,ntoumou,r6
8,Q116OTHER,tour,r6
11,Q116OTHER,dagaare,r6
11,Q116OTHER,gonja,r6
11,Q116OTHER,kasem,r6
11,Q116OTHER,kokomba,r6
11,Q116OTHER,kotokoli,r6
11,Q116OTHER,likpakpaln,r6
11,Q116OTHER,moshie,r6
11,Q116OTHER,sisaala,r6
11,Q116OTHER,waala,r6
12,Q116OTHER,baga,r6
21,Q116OTHER,myungue,r6
21,Q116OTHER,ngungue,r6
21,Q116OTHER,nhumgue,r6
21,Q116OTHER,nhungue,r6
21,Q116OTHER,nhunguem,r6
21,Q116OTHER,nhungwe,r6
21,Q116OTHER,njumgue,r6
21,Q116OTHER,njungue,r6
21,Q116OTHER,njungur,r6
21,Q116OTHER,nyhungue,r6
21,Q116OTHER,nyugue,r6
21,Q116OTHER,nyunge,r6
21,Q116OTHER,nyungue,r6
21,Q116OTHER,nyungwe,r6
21,Q116OTHER,nyyngue,r6
24,Q116OTHER,bajju,r6
24,Q116OTHER,bandawa,r6
24,Q116OTHER,birom,r6
24,Q116OTHER,bujja,r6
24,Q116OTHER,buju,r6
24,Q116OTHER,chamawa,r6
24,Q116OTHER,eggon,r6
24,Q116OTHER,etsako,r6
24,Q116OTHER,gbagyi,r6
24,Q116OTHER,gwandara,r6
24,Q116OTHER,igede,r6
24,Q116OTHER,kabba,r6
24,Q116OTHER,kabba/bunu,r6
24,Q116OTHER,kalabari,r6
24,Q116OTHER,lemoro,r6
24,Q116OTHER,maghai,r6
24,Q116OTHER,mumuye,r6
24,Q116OTHER,mwaghavul,r6
24,Q116OTHER,ndola,r6
24,Q116OTHER,ngas,r6
24,Q116OTHER,tukun,r6
24,Q116OTHER,umone,r6
24,Q116OTHER,zuru,r6
26,Q116OTHER,maure,r6
28,Q116OTHER,portuguese,r6
31,Q116OTHER,kiha,r6
31,Q116OTHER,kijaluo,r6
31,Q116OTHER,kikinga,r6
31,Q116OTHER,kindamba,r6
31,Q116OTHER,kiruri,r6
31,Q116OTHER,kizanaki,r6
2,Q2OTHER,biali,r6
2,Q2OTHER,haoussa,r6
2,Q2OTHER,sola,r6
3,Q2OTHER,morotsi,r6
3,Q2OTHER,ndebele,r6
3,Q2OTHER,sekhurutsi,r6
3,Q2OTHER,senanjwa,r6
3,Q2OTHER,sepedi,r6
3,Q2OTHER,seshona,r6
3,Q2OTHER,setebele,r6
3,Q2OTHER,setswapong,r6
3,Q2OTHER,sexhereko,r6
3,Q2OTHER,sexhosa,r6
3,Q2OTHER,sezuru,r6
3,Q2OTHER,shona,r6
3,Q2OTHER,shona/sezuru,r6
3,Q2OTHER,tjimbanderu,r6
3,Q2OTHER,zezuru,r6
4,Q2OTHER,bella,r6
4,Q2OTHER,dafing,r6
4,Q2OTHER,djerma,r6
4,Q2OTHER,docces,r6
4,Q2OTHER,dogon,r6
4,Q2OTHER,dogons,r6
4,Q2OTHER,dogose,r6
4,Q2OTHER,donsin,r6
4,Q2OTHER,forgeron (noumou),r6
4,Q2OTHER,karaboro,r6
4,Q2OTHER,komono,r6
4,Q2OTHER,mandarai,r6
4,Q2OTHER,tamacheck,r6
4,Q2OTHER,toussian,r6
4,Q2OTHER,turka,r6
4,Q2OTHER,vigue,r6
6,Q2OTHER,aghem,r6
6,Q2OTHER,akosse,r6
6,Q2OTHER,ambele,r6
6,Q2OTHER,arabe,r6
6,Q2OTHER,ashem,r6
6,Q2OTHER,asumb0,r6
6,Q2OTHER,babadjon,r6
6,Q2OTHER,babadjou,r6
6,Q2OTHER,badjoue,r6
6,Q2OTHER,bafang,r6
6,Q2OTHER,bafaw,r6
6,Q2OTHER,bafoussam,r6
6,Q2OTHER,baham,r6
6,Q2OTHER,baham/bafoussam,r6
6,Q2OTHER,bakosi,r6
6,Q2OTHER,bakwari,r6
6,Q2OTHER,bakwere,r6
6,Q2OTHER,balcweri,r6
6,Q2OTHER,baleng,r6
6,Q2OTHER,balengou,r6
6,Q2OTHER,bali,r6
6,Q2OTHER,bali nyonga,r6
6,Q2OTHER,baloundo,r6
6,Q2OTHER,bambele,r6
6,Q2OTHER,bamendjing,r6
6,Q2OTHER,bamougoum,r6
6,Q2OTHER,banen,r6
6,Q2OTHER,banvele,r6
6,Q2OTHER,basso,r6
6,Q2OTHER,bata,r6
6,Q2OTHER,batanga,r6
6,Q2OTHER,batcham,r6
6,Q2OTHER,batibo,r6
6,Q2OTHER,baton,r6
6,Q2OTHER,bawan,r6
6,Q2OTHER,befang,r6
6,Q2OTHER,belibonachi,r6
6,Q2OTHER,benegun,r6
6,Q2OTHER,besa,r6
6,Q2OTHER,bu,r6
6,Q2OTHER,buda,r6
6,Q2OTHER,bulu,r6
6,Q2OTHER,choua,r6
6,Q2OTHER,daba,r6
6,Q2OTHER,dbo,r6
6,Q2OTHER,dourou,r6
6,Q2OTHER,dschang,r6
6,Q2OTHER,edjagham,r6
6,Q2OTHER,ejagham,r6
6,Q2OTHER,ejaka,r6
6,Q2OTHER,ejakam,r6
6,Q2OTHER,elam eguo,r6
6,Q2OTHER,elam equ0,r6
6,Q2OTHER,elam equo,r6
6,Q2OTHER,esimbi,r6
6,Q2OTHER,essimbi,r6
6,Q2OTHER,etenga,r6
6,Q2OTHER,eton,r6
6,Q2OTHER,ewodi,r6
6,Q2OTHER,fang,r6
6,Q2OTHER,fulami,r6
6,Q2OTHER,fulane,r6
6,Q2OTHER,gabsiki,r6
6,Q2OTHER,ghemba,r6
6,Q2OTHER,ibo,r6
6,Q2OTHER,isu,r6
6,Q2OTHER,kom,r6
6,Q2OTHER,kotoko,r6
6,Q2OTHER,laka,r6
6,Q2OTHER,lambo,r6
6,Q2OTHER,limbum,r6
6,Q2OTHER,mabi,r6
6,Q2OTHER,mada,r6
6,Q2OTHER,mandara,r6
6,Q2OTHER,massa,r6
6,Q2OTHER,mba vele,r6
6,Q2OTHER,mbamoise,r6
6,Q2OTHER,mbang,r6
6,Q2OTHER,mbe mbe,r6
6,Q2OTHER,mbesah,r6
6,Q2OTHER,mbessa,r6
6,Q2OTHER,mbo,r6
6,Q2OTHER,mbo'o,r6
6,Q2OTHER,mbororo,r6
6,Q2OTHER,mefi,r6
6,Q2OTHER,meta,r6
6,Q2OTHER,metsa,r6
6,Q2OTHER,mezima,r6
6,Q2OTHER,misanje,r6
6,Q2OTHER,moghagno,r6
6,Q2OTHER,monghaka,r6
6,Q2OTHER,moudani,r6
6,Q2OTHER,moudini,r6
6,Q2OTHER,mougoum,r6
6,Q2OTHER,moundang,r6
6,Q2OTHER,mousgoum,r6
6,Q2OTHER,mousgoun,r6
6,Q2OTHER,mubako,r6
6,Q2OTHER,mudele,r6
6,Q2OTHER,mugaka,r6
6,Q2OTHER,musgum,r6
6,Q2OTHER,nchani,r6
6,Q2OTHER,nchanih,r6
6,Q2OTHER,ngambaye,r6
6,Q2OTHER,ngemba,r6
6,Q2OTHER,ngoa,r6
6,Q2OTHER,ngou,r6
6,Q2OTHER,nguo,r6
6,Q2OTHER,ngyemboon,r6
6,Q2OTHER,nnaga eboko,r6
6,Q2OTHER,noni,r6
6,Q2OTHER,nsie,r6
6,Q2OTHER,nso,r6
6,Q2OTHER,obang,r6
6,Q2OTHER,oku,r6
6,Q2OTHER,oroko,r6
6,Q2OTHER,oshie,r6
6,Q2OTHER,pinyin,r6
6,Q2OTHER,sara,r6
6,Q2OTHER,sawa,r6
6,Q2OTHER,so'o,r6
6,Q2OTHER,soro,r6
6,Q2OTHER,wibum,r6
6,Q2OTHER,wimbum,r6
6,Q2OTHER,yambassa,r6
6,Q2OTHER,yamben,r6
6,Q2OTHER,yebekol,r6
8,Q2OTHER,abidji,r6
8,Q2OTHER,aboure,r6
8,Q2OTHER,alladjan,r6
8,Q2OTHER,andoh,r6
8,Q2OTHER,bacoue,r6
8,Q2OTHER,bakoue,r6
8,Q2OTHER,djimini,r6
8,Q2OTHER,ebrie,r6
8,Q2OTHER,ega,r6
8,Q2OTHER,gagou,r6
8,Q2OTHER,gain,r6
8,Q2OTHER,gnanboua,r6
8,Q2OTHER,gnideboua,r6
8,Q2OTHER,kodia,r6
8,Q2OTHER,komonon,r6
8,Q2OTHER,kouzie,r6
8,Q2OTHER,koyaka,r6
8,Q2OTHER,krobou,r6
8,Q2OTHER,m'batto,r6
8,Q2OTHER,mahohka,r6
8,Q2OTHER,mahouka,r6
8,Q2OTHER,naturalise,r6
8,Q2OTHER,odienneka,r6
8,Q2OTHER,peulh,r6
8,Q2OTHER,siaka,r6
8,Q2OTHER,tagbanan,r6
8,Q2OTHER,toura,r6
8,Q2OTHER,wan,r6
8,Q2OTHER,wobe,r6
8,Q2OTHER,worodougou,r6
8,Q2OTHER,yaoure,r6
10,Q2OTHER,haoussa,r6
11,Q2OTHER,ada,r6
11,Q2OTHER,adele,r6
11,Q2OTHER,ahanta,r6
11,Q2OTHER,akyode,r6
11,Q2OTHER,atweti,r6
11,Q2OTHER,avatime,r6
11,Q2OTHER,basari,r6
11,Q2OTHER,batoe,r6
11,Q2OTHER,bimoba,r6
11,Q2OTHER,bissa,r6
11,Q2OTHER,bono,r6
11,Q2OTHER,buem,r6
11,Q2OTHER,buli,r6
11,Q2OTHER,chamba,r6
11,Q2OTHER,chukusi,r6
11,Q2OTHER,dagaari,r6
11,Q2OTHER,deg-(moo),r6
11,Q2OTHER,dolimuu,r6
11,Q2OTHER,ewe and fante,r6
11,Q2OTHER,frafra,r6
11,Q2OTHER,gawu,r6
11,Q2OTHER,gekyode,r6
11,Q2OTHER,gonja,r6
11,Q2OTHER,gruma,r6
11,Q2OTHER,grushie,r6
11,Q2OTHER,guan,r6
11,Q2OTHER,guruni,r6
11,Q2OTHER,kaakye,r6
11,Q2OTHER,kasari,r6
11,Q2OTHER,kasem,r6
11,Q2OTHER,kokomba,r6
11,Q2OTHER,kotokoli,r6
11,Q2OTHER,kotokoli/chamba,r6
11,Q2OTHER,krakyi,r6
11,Q2OTHER,krobo,r6
11,Q2OTHER,kusal,r6
11,Q2OTHER,kwahu,r6
11,Q2OTHER,likpakpaln,r6
11,Q2OTHER,logba,r6
11,Q2OTHER,mampruli,r6
11,Q2OTHER,mo,r6
11,Q2OTHER,moshie,r6
11,Q2OTHER,nabdam,r6
11,Q2OTHER,nahumuru,r6
11,Q2OTHER,nankani,r6
11,Q2OTHER,nawuri,r6
11,Q2OTHER,nzema,r6
11,Q2OTHER,okre,r6
11,Q2OTHER,sampa,r6
11,Q2OTHER,sefwi,r6
11,Q2OTHER,sissali,r6
11,Q2OTHER,someja,r6
11,Q2OTHER,talensi,r6
11,Q2OTHER,tampulma,r6
11,Q2OTHER,tapulsi,r6
11,Q2OTHER,waala,r6
11,Q2OTHER,wangara,r6
12,Q2OTHER,baga,r6
12,Q2OTHER,diakanke,r6
12,Q2OTHER,guerze,r6
12,Q2OTHER,gurerze,r6
12,Q2OTHER,kissi,r6
12,Q2OTHER,kono,r6
12,Q2OTHER,konon,r6
12,Q2OTHER,landouma,r6
12,Q2OTHER,mikhifore,r6
12,Q2OTHER,mikifore,r6
12,Q2OTHER,tcheddere,r6
12,Q2OTHER,toma,r6
12,Q2OTHER,touba,r6
13,Q2OTHER,ajuran,r6
13,Q2OTHER,arab,r6
13,Q2OTHER,bajuni,r6
13,Q2OTHER,borana,r6
13,Q2OTHER,digo,r6
13,Q2OTHER,duruma,r6
13,Q2OTHER,garre,r6
13,Q2OTHER,giriama,r6
13,Q2OTHER,gujarati,r6
13,Q2OTHER,kipsigis,r6
13,Q2OTHER,kuria,r6
13,Q2OTHER,maragoli,r6
13,Q2OTHER,munyaya,r6
13,Q2OTHER,nandi,r6
13,Q2OTHER,nubi,r6
13,Q2OTHER,nyarwanda,r6
13,Q2OTHER,nyasa,r6
13,Q2OTHER,ogiek,r6
13,Q2OTHER,rendille,r6
13,Q2OTHER,sabaot,r6
13,Q2OTHER,suba,r6
13,Q2OTHER,teso,r6
16,Q2OTHER,betsimisaraka,r6
16,Q2OTHER,tanala,r6
17,Q2OTHER,chimambwe,r6
17,Q2OTHER,chindali,r6
17,Q2OTHER,chinyakyusa,r6
17,Q2OTHER,chinyanja,r6
17,Q2OTHER,chinyika,r6
17,Q2OTHER,chinyungwe,r6
17,Q2OTHER,chiswahili,r6
17,Q2OTHER,chiwandya,r6
18,Q2OTHER,diaka,r6
18,Q2OTHER,mossi,r6
19,Q2OTHER,bhojpuri,r6
21,Q2OTHER,chaewa,r6
21,Q2OTHER,chena,r6
21,Q2OTHER,cheua,r6
21,Q2OTHER,chewa,r6
21,Q2OTHER,chewe,r6
21,Q2OTHER,chitcheiwa,r6
21,Q2OTHER,chitewe,r6
21,Q2OTHER,chiteye,r6
21,Q2OTHER,chitsua,r6
21,Q2OTHER,chitxua,r6
21,Q2OTHER,chona,r6
21,Q2OTHER,chutcua,r6
21,Q2OTHER,ekote,r6
21,Q2OTHER,ligete,r6
21,Q2OTHER,ligode,r6
21,Q2OTHER,ligote,r6
21,Q2OTHER,ligoute,r6
21,Q2OTHER,lingua mapex,r6
21,Q2OTHER,loriba,r6
21,Q2OTHER,luniga,r6
21,Q2OTHER,mabawe,r6
21,Q2OTHER,mahawea,r6
21,Q2OTHER,maindo,r6
21,Q2OTHER,manhgue,r6
21,Q2OTHER,manhungue,r6
21,Q2OTHER,maone,r6
21,Q2OTHER,mapex,r6
21,Q2OTHER,maronga,r6
21,Q2OTHER,massema,r6
21,Q2OTHER,matcwe,r6
21,Q2OTHER,mateu,r6
21,Q2OTHER,matewe,r6
21,Q2OTHER,mateyu,r6
21,Q2OTHER,matowe,r6
21,Q2OTHER,matsua,r6
21,Q2OTHER,matswa,r6
21,Q2OTHER,matxsua,r6
21,Q2OTHER,medindo,r6
21,Q2OTHER,monga,r6
21,Q2OTHER,moniaco,r6
21,Q2OTHER,moniga,r6
21,Q2OTHER,mtsua,r6
21,Q2OTHER,muali,r6
21,Q2OTHER,muandi,r6
21,Q2OTHER,muani,r6
21,Q2OTHER,muany,r6
21,Q2OTHER,munga,r6
21,Q2OTHER,muni,r6
21,Q2OTHER,muninga,r6
21,Q2OTHER,naindo,r6
21,Q2OTHER,namica,r6
21,Q2OTHER,naoniga,r6
21,Q2OTHER,ngony,r6
21,Q2OTHER,ngungue,r6
21,Q2OTHER,nhugue,r6
21,Q2OTHER,nhumgue,r6
21,Q2OTHER,nhungoe,r6
21,Q2OTHER,nhungue,r6
21,Q2OTHER,nhunguem,r6
21,Q2OTHER,nhungwe,r6
21,Q2OTHER,nhunhue,r6
21,Q2OTHER,nhunque,r6
21,Q2OTHER,nunga,r6
21,Q2OTHER,nuto,r6
21,Q2OTHER,nyanja,r6
21,Q2OTHER,nyongue,r6
21,Q2OTHER,nyuenge,r6
21,Q2OTHER,nyugue,r6
21,Q2OTHER,nyungue,r6
21,Q2OTHER,nyungunhe,r6
21,Q2OTHER,ronga,r6
21,Q2OTHER,shona,r6
21,Q2OTHER,tchitchewa,r6
21,Q2OTHER,tchthewa,r6
21,Q2OTHER,tewe,r6
21,Q2OTHER,xitsua,r6
21,Q2OTHER,xitswa,r6
22,Q2OTHER,mafwe,r6
22,Q2OTHER,mhalangwe,r6
22,Q2OTHER,nyemba,r6
22,Q2OTHER,san,r6
22,Q2OTHER,sifwe,r6
22,Q2OTHER,totela,r6
23,Q2OTHER,haoussa,r6
23,Q2OTHER,mossicthe,r6
24,Q2OTHER,adara,r6
24,Q2OTHER,alago,r6
24,Q2OTHER,angas,r6
24,Q2OTHER,ankwe,r6
24,Q2OTHER,aukwe,r6
24,Q2OTHER,bachama,r6
24,Q2OTHER,badukke,r6
24,Q2OTHER,bajju,r6
24,Q2OTHER,baju,r6
24,Q2OTHER,banbawa,r6
24,Q2OTHER,bandawa,r6
24,Q2OTHER,baruba,r6
24,Q2OTHER,bawaje,r6
24,Q2OTHER,bawara,r6
24,Q2OTHER,boiyana,r6
24,Q2OTHER,bussa,r6
24,Q2OTHER,dador,r6
24,Q2OTHER,dakarkari,r6
24,Q2OTHER,degema,r6
24,Q2OTHER,eggon,r6
24,Q2OTHER,egi,r6
24,Q2OTHER,eleme,r6
24,Q2OTHER,fakama,r6
24,Q2OTHER,fakawa,r6
24,Q2OTHER,fali,r6
24,Q2OTHER,faliya,r6
24,Q2OTHER,femawa,r6
24,Q2OTHER,gbagi,r6
24,Q2OTHER,gomu,r6
24,Q2OTHER,gwandara,r6
24,Q2OTHER,gwari,r6
24,Q2OTHER,gwong,r6
24,Q2OTHER,ichen,r6
24,Q2OTHER,iyala,r6
24,Q2OTHER,jaba,r6
24,Q2OTHER,jarawa,r6
24,Q2OTHER,jenjo,r6
24,Q2OTHER,jukum,r6
24,Q2OTHER,jukun,r6
24,Q2OTHER,jukun wanu,r6
24,Q2OTHER,kagara,r6
24,Q2OTHER,kagoma,r6
24,Q2OTHER,kagoro,r6
24,Q2OTHER,kaika,r6
24,Q2OTHER,kaka,r6
24,Q2OTHER,kakabari,r6
24,Q2OTHER,kalabari,r6
24,Q2OTHER,kataf,r6
24,Q2OTHER,katongu,r6
24,Q2OTHER,kilba babar,r6
24,Q2OTHER,kona,r6
24,Q2OTHER,kuteb,r6
24,Q2OTHER,lanta,r6
24,Q2OTHER,laru,r6
24,Q2OTHER,lawabe,r6
24,Q2OTHER,lumama,r6
24,Q2OTHER,lunguda,r6
24,Q2OTHER,mamunye,r6
24,Q2OTHER,michinka,r6
24,Q2OTHER,minchika,r6
24,Q2OTHER,mumugar,r6
24,Q2OTHER,mumuye,r6
24,Q2OTHER,mupun,r6
24,Q2OTHER,mwangavul,r6
24,Q2OTHER,ndala,r6
24,Q2OTHER,ngas,r6
24,Q2OTHER,ninzom,r6
24,Q2OTHER,numana,r6
24,Q2OTHER,nwangavul,r6
24,Q2OTHER,nyandang,r6
24,Q2OTHER,obodu,r6
24,Q2OTHER,ogae,r6
24,Q2OTHER,ogba,r6
24,Q2OTHER,okirika,r6
24,Q2OTHER,okrika,r6
24,Q2OTHER,oron,r6
24,Q2OTHER,owan,r6
24,Q2OTHER,panso,r6
24,Q2OTHER,sayawa,r6
24,Q2OTHER,siyawa,r6
24,Q2OTHER,tangale,r6
24,Q2OTHER,tangali,r6
24,Q2OTHER,tarok,r6
24,Q2OTHER,tera,r6
24,Q2OTHER,tula,r6
24,Q2OTHER,waja,r6
24,Q2OTHER,wurkum,r6
24,Q2OTHER,wurkun,r6
24,Q2OTHER,yakuri,r6
24,Q2OTHER,yala,r6
24,Q2OTHER,zuru,r6
26,Q2OTHER,balante,r6
26,Q2OTHER,beudick,r6
26,Q2OTHER,creol,r6
26,Q2OTHER,diakhanke,r6
26,Q2OTHER,koniadie,r6
26,Q2OTHER,mankagne,r6
26,Q2OTHER,massonke,r6
26,Q2OTHER,maure,r6
26,Q2OTHER,tanda,r6
28,Q2OTHER,ithopiwa,r6
28,Q2OTHER,khoi,r6
28,Q2OTHER,khois,r6
28,Q2OTHER,khoisan,r6
29,Q2OTHER,brown amer language,r6
29,Q2OTHER,language almapat,r6
29,Q2OTHER,language fellata,r6
29,Q2OTHER,language inqasna,r6
30,Q2OTHER,indian,r6
30,Q2OTHER,isizulu,r6
30,Q2OTHER,ndebele,r6
30,Q2OTHER,portuguese,r6
30,Q2OTHER,swahili,r6
30,Q2OTHER,zulu,r6
31,Q2OTHER,kiarusha,r6
31,Q2OTHER,kibembe,r6
31,Q2OTHER,kibena,r6
31,Q2OTHER,kibondei,r6
31,Q2OTHER,kiborana,r6
31,Q2OTHER,kibungu,r6
31,Q2OTHER,kidigo,r6
31,Q2OTHER,kidoe,r6
31,Q2OTHER,kigunya,r6
31,Q2OTHER,kiha,r6
31,Q2OTHER,kihangaza,r6
31,Q2OTHER,kiikizu,r6
31,Q2OTHER,kiiraq,r6
31,Q2OTHER,kijahidiri,r6
31,Q2OTHER,kijaluo,r6
31,Q2OTHER,kijita,r6
31,Q2OTHER,kikabwa,r6
31,Q2OTHER,kikaguru,r6
31,Q2OTHER,kikahe,r6
31,Q2OTHER,kikara,r6
31,Q2OTHER,kikerewe,r6
31,Q2OTHER,kikimbu,r6
31,Q2OTHER,kikine,r6
31,Q2OTHER,kikinga,r6
31,Q2OTHER,kikonongo,r6
31,Q2OTHER,kikwaya,r6
31,Q2OTHER,kilongo,r6
31,Q2OTHER,kimakunduchi,r6
31,Q2OTHER,kimakuwa,r6
31,Q2OTHER,kimalili,r6
31,Q2OTHER,kimang'ati,r6
31,Q2OTHER,kimatambwe,r6
31,Q2OTHER,kimatengo,r6
31,Q2OTHER,kimatumbi,r6
31,Q2OTHER,kimazuruni,r6
31,Q2OTHER,kimbulu,r6
31,Q2OTHER,kimwera,r6
31,Q2OTHER,kindali,r6
31,Q2OTHER,kindamba,r6
31,Q2OTHER,kindendeule,r6
31,Q2OTHER,kindengereko,r6
31,Q2OTHER,kindonde,r6
31,Q2OTHER,kindyewe,r6
31,Q2OTHER,kingindo,r6
31,Q2OTHER,kinguu,r6
31,Q2OTHER,kinyambo,r6
31,Q2OTHER,kinyamwanga,r6
31,Q2OTHER,kinyantuzu,r6
31,Q2OTHER,kinyasa,r6
31,Q2OTHER,kinyaturu,r6
31,Q2OTHER,kinyiha,r6
31,Q2OTHER,kinyimbo,r6
31,Q2OTHER,kinyiramba,r6
31,Q2OTHER,kinyisanzu,r6
31,Q2OTHER,kipangwa,r6
31,Q2OTHER,kipemba,r6
31,Q2OTHER,kipogoro,r6
31,Q2OTHER,kirangi,r6
31,Q2OTHER,kiruri,r6
31,Q2OTHER,kisafwa,r6
31,Q2OTHER,kisambaa,r6
31,Q2OTHER,kisandawe,r6
31,Q2OTHER,kisangu,r6
31,Q2OTHER,kisegeju,r6
31,Q2OTHER,kishirazi,r6
31,Q2OTHER,kisimbiti,r6
31,Q2OTHER,kisizaki,r6
31,Q2OTHER,kisubi,r6
31,Q2OTHER,kisumbwa,r6
31,Q2OTHER,kitaturu,r6
31,Q2OTHER,kitongwe,r6
31,Q2OTHER,kitumbatu,r6
31,Q2OTHER,kiwanji,r6
31,Q2OTHER,kiyao,r6
31,Q2OTHER,kizanaki,r6
31,Q2OTHER,kizaramo,r6
31,Q2OTHER,kizigua,r6
31,Q2OTHER,kizinza,r6
32,Q2OTHER,adele,r6
32,Q2OTHER,logba,r6
32,Q2OTHER,mossi,r6
32,Q2OTHER,peulh,r6
32,Q2OTHER,sola,r6
32,Q2OTHER,tamberma,r6
32,Q2OTHER,yanga,r6
34,Q2OTHER,bagungu,r6
34,Q2OTHER,baluya,r6
34,Q2OTHER,kakwa,r6
34,Q2OTHER,kinyarwanda,r6
34,Q2OTHER,kumam,r6
34,Q2OTHER,lendu,r6
34,Q2OTHER,ludama,r6
34,Q2OTHER,lufumbira,r6
34,Q2OTHER,lugwere,r6
34,Q2OTHER,lujaluwo,r6
34,Q2OTHER,lulamogi,r6
34,Q2OTHER,luluri,r6
34,Q2OTHER,lunyala,r6
34,Q2OTHER,lunyara,r6
34,Q2OTHER,luo,r6
34,Q2OTHER,lururu,r6
34,Q2OTHER,mulamogi,r6
34,Q2OTHER,munyabindi,r6
34,Q2OTHER,murundi,r6
34,Q2OTHER,rufumbira,r6
34,Q2OTHER,rungungu,r6
34,Q2OTHER,runyarwanda,r6
34,Q2OTHER,ruruli,r6
34,Q2OTHER,rusongora,r6
35,Q2OTHER,chikunda,r6
35,Q2OTHER,chiyamba,r6
35,Q2OTHER,lambia,r6
35,Q2OTHER,luchazi,r6
35,Q2OTHER,mikundu,r6
35,Q2OTHER,ndebele,r6
35,Q2OTHER,nswaka,r6
35,Q2OTHER,sala,r6
35,Q2OTHER,swahili,r6
36,Q2OTHER,bocha,r6
36,Q2OTHER,buja,r6
36,Q2OTHER,chewa,r6
36,Q2OTHER,chitoko,r6
36,Q2OTHER,dumbe,r6
36,Q2OTHER,lozwi,r6
36,Q2OTHER,maungwe,r6
36,Q2OTHER,mdombe,r6
36,Q2OTHER,mushangwe,r6
36,Q2OTHER,nambya,r6
36,Q2OTHER,nleya zambia,r6
36,Q2OTHER,nyanja,r6
36,Q2OTHER,shangani,r6
36,Q2OTHER,sidombe,r6
36,Q2OTHER,suthu,r6
36,Q2OTHER,tsenga,r6
