country,name,iso_639_3,glottocode,wals
CI,abbey,aba,abee1242,abd adi
NG,abi,mis,,
CI,abidji,abi,abid1235,abd
CM,abo,abb,bank1256,bnk
CI,aboure,abu,abur1243,akn anu ayi ble cum nkn
CI,abron,abr,abro1238,akn
NG,abua,abn,abua1244,obg ogb
UG,acholi,ach,acol1236,acl
UG,acholi-langi,ach laj,sout2831,acl lan luo
GH,ada,ada,adan1247,ga
NG,adara,kad,kada1284,bir fye gwo kgm mdz tok
GH,adele,ade,adel1244,llm
TG,adele,ade,adel1244,llm
BJ,adja,ajg,ajab1235,ajg
TG,adja,ajg,ajab1235,ajg
CI,adjoukrou,adj,adio1239,adi
NG,adun,mfn,adun1238,agb
NG,afikpo,ibo,nucl1417,igb
NG,afizere,izr,izer1241,gwo
BW,afrikaans,afr,afri1274,afr
NA,afrikaans,afr,afri1274,afr
ZA,afrikaans,afr,afri1274,afr
NA,afrikaans and local languages,afr,afri1274,afr
NA,afrikaans and oshiwambo,afr,afri1274,afr
NG,agbor,ikk,ikaa1238,igb izi
CM,aghem,agq,aghe1239,agh
CI,agni,any,anyi1245,ayi
CI,agny,any,anyi1245,ayi
GH,ahanta,aha,ahan1243,anu ayi ble
CI,ahizi,ahi ahm ahp,aizi1248,bet ddj grb gue kla ney vat wob
NG,ahoada,mis,,
NG,ahuda,mis,,
MZ,ajaua,yao,yaoo1241,yao
MZ,ajua,yao,yaoo1241,yao
KE,ajuran,mis,,
NG,aka,mis,,
GH,akan,aka,akan1250,akn
UG,akaramojonj,kdj,kara1483,kmj
NG,akassa,ijs,sout2774,ijo
TG,akebou,keu,akeb1238,avt kpo
TG,akébou,keu,akeb1238,avt kpo
TG,aklobo,ewe,ewee1241,ewa
CM,akosse,mis,,
TG,akposso,kpo,ikpo1238,kpo
NG,akumazi,ikk,ikaa1238,igb izi
UG,akumu,mis,,
UG,akur,alz,alur1250,luo
NG,akwandara,gwn,gwan1268,hau
GH,akyode,acd,giky1238,cum
NG,alago,ala,alag1242,ido
DZ,algerian arabic,arq,alge1239,atu
DZ,arabic,arq,alge1239,atu
MA,alhassania,mey,hass1238,ahs
CI,alladjan,mis,,
UG,alur,alz,alur1250,luo
MA,amazigh,tzm zgh,cent2194,bse
DZ,amazigh,kab,kaby1243,kbl
CM,ambele,ael,ambe1247,agh bab baf bmn fef kou lns mbi mbz mgk mkq mud oku yba yem
CM,ambo-batibo,mis,,
NG,amoh,amo,amoo1242,amo
TG,ana,ife,ifee1241,yor
TG,anago,mis,,
NG,anam,mis,,
NG,anang,anw,anaa1238,efi ibi
CI,andoh,mis,,
NG,andoni,ann,obol1243,obo
NG,angas,anc,ngas1240,anc
NA,angolan:portuguese,por,port1283,por
NA,angolan:rumbundu,umb,umbu1257,umb
ST,angolan,aoa,ango1258,ago
ST,angolar,aoa,ango1258,ago
ST,angulares,aoa,ango1258,ago
ST,creolo,aoa,ango1258,ago
NG,ankwai,ank,goem1240,goe
NG,ankwe,ank,goem1240,goe
NG,annag,mis,,
TG,anyanga,ayg,giny1241,cum
GH,anyinam,any,anyi1245,ayi
CI,appolo,nzi,nzim1238,anu ayi ble
KE,arab,acx,oman1239,abh arh arj ars
CM,arabe,shu,chad1249,arn
ML,arabe,mey,hass1238,ahs
NE,arabe,mey,hass1238,ahs
CM,arabe choa,shu,chad1249,arn
EG,arabic,arz,egyp1253,aeg
EG,egyptian arabic,arz,egyp1253,aeg
ML,arabic,mey,hass1238,ahs
MA,arabic,ary,moro1292,amr
KE,arabic,acx,oman1239,abh arh arj ars
SD,arabic,apd,suda1236,abb
SD,sudanese arabic,apd,suda1236,abb
TN,arabic,aeb,tuni1259,atu
NG,arago,ala,alag1242,ido
UG,aringa,luc,arin1244,avo lgt lug
TG,ashanti,mis,,
CM,ashem,mis,,
KE,asian south,guj,guja1252,guj
ZA,asian,hin,hind1269,hin
ZA,asian/indian,hin,hind1269,hin
ZA,asian/other,hin,hind1269,hin
GH,assin,mis,,
CM,asumb0,ass,ipul1238,tiv
UG,ateso,teo,teso1249,tes
NG,attakar,kcg,tyap1238,gwo
CI,attié,ati,atti1239,abd adi akn ald anu avk ayi ble cum nkn
GH,atweti,mis,,
NG,auche,mis,,
NG,auchi,ets,yekh1238,ets
NG,aukwe,afo,eloy1241,bir fye gwo kgm mdz tok
ZM,aushi,auh,aush1241,lmb
GH,avatime,avn,avat1244,avt
CI,avikam,avi,avik1243,avk
NG,awa,mis,,
NG,awak,awo,awak1250,bmb brb buy dga dgb grm grn kby kfe kir kkb kni kow lob lye mmp moo ncm nnn ntn ssa tem tmp vag wwa xsm
NG,awori,yor,yoru1245,yor
GH,awutu,afu,awut1241,cum nkn
GH,ayigbe,mis,,
NG,azoqo,mis,,
CM,babadjon,mis,,
CM,babadjou,nla,ngom1271,fef yem
CM,babanjou,mis,,
CM,babis,mis,,
CM,babjoun,bbj,ghom1247,fef yem
CM,baboute,vut,vute1244,mla
CM,babungo,bav,veng1238,bab
NG,babur,bwr,bura1292,bpa
NG,bachama,bcy,baca1246,gud
CM,bachiotia,mis,,
CI,bacoue,mis,,
NG,bada,bde,bade1248,bad
CM,badenkop,mis,,
SN,badiaranke,mis,,
CM,badjoue,ozm,koon1245,mkz
NG,badukke,mis,,
CM,bafang,fmp,fefe1239,fef
CM,bafanji,bfj,bafa1249,bmn
CM,bafaw,bwt,bafa1247,bas bfi bga bku bnk buj buw dua ewo ldo mkz mpo tgo
CM,bafia,ksf,bafi1243,bfi
CM,bafmen,bfm,mmen1238,kou oku
CM,bafo,bwt,bafa1247,bas bfi bga bku bnk buj buw dua ewo ldo mkz mpo tgo
CM,bafounda,mis,,
CM,bafoussam,mis,,
CM,bafut,bfd,bafu1246,baf
GN,baga,bcg bmd bsp ldm,temn1245,bgs tne
CM,bagangte,byv,medu1238,fef yem
TG,bago,bqg,bago1245,tem
UG,bagungu,rub,gung1250,buk gus hnd hya kin lda luy nbo nde nko rnd rny rru tal
NG,bagwom,mis,,
CM,baham,bbj,ghom1250,fef yem
CM,baham/bafoussam,bbj,ghom1250,fef yem
NG,bahumono,bcs,kohu1244,koh
SN,bainouk,bcb bcz,bain1261,bfd bsr fbf fgo fgu fma fni fum kgi ndt noo plr wlf
NG,bajju,kaj,jjuu1238,gwo
NG,baju,kaj,jjuu1238,gwo
KE,bajun,swh,baju1245,swa
KE,bajuni,swh,baju1245,swa
NG,bakamuka,mis,,
CM,bakassi,mis,,
UG,bakenyi,lke,keny1278,lda
CM,bakoko,bkh,bako1249,bas
CM,bakosi,bss,akoo1248,bas bfi bga bku bnk buj buw dua ewo ldo mkz mpo tgo
CM,bakossi,bss,akoo1248,bas bfi bga bku bnk buj buw dua ewo ldo mkz mpo tgo
CI,bakoue,mis,,
CM,bakundu,bdu,orok1266,ldo
CM,bakwari,bri,mokp1239,bku
CI,bakwe,bjw,bakw1243,bet ddj ney vat
CM,bakwere,bri,mokp1239,bku
CM,bakweri,bri,mokp1239,bku
SN,balante,bjt,bala1302,blz
CM,balati,mis,,
NG,balawa,mis,,
CM,balcweri,mis,,
CM,baleng,mis,,
CM,balengou,mis,,
CM,bali,mhk,mung1266,mgk
CM,bali nyonga,mhk,mung1266,mgk
CM,balikumbat,bqt,bamu1254,baf mbi mkq
CM,balinyongya,mhk,mung1266,mgk
CM,balong,bwt,bafa1247,bas bfi bga bku bnk buj buw dua ewo ldo mkz mpo tgo
CM,baloundo,mis,,
UG,baluya,lsm,luyi1234,buk luy
SN,bamabara,bam,bamb1269,bam
CI,bambara,bam,bamb1269,bam
ML,bambara,bam,bamb1269,bam
SN,bambara,bam,bamb1269,bam
CM,bambele,bag,tuki1240,tki
CM,bambili,baw,bamb1266,mbi
CM,bamedjou,mis,,
CM,bameka,bbj,ghom1247,fef yem
CM,bamenda,mfd,mend1261,baf mbi mkq
CM,bamendjing,xmg,meng1264,fef yem
CM,bamendjou,mis,,
CM,bamessing,ndb,kens1251,bab
CM,bamileke,bbj bko byv fmp jgo nla nnh nnz nwe xmg ybb,bami1239,fef yem
CM,bamougoum,mis,,
CM,bamoun,bax,bamu1253,bmn
CM,bamumbu,mnf,mund1327,mud
NG,banbawa,bcv,shoo1247,juk
GH,banda,nfr,nafa1258,naf
NG,bandawa,bcv,shoo1247,juk
CM,bandjoun,bbj,ghom1247,fef yem
CM,banen,tvu,tune1261,gun tki
CM,bangangté,byv,medu1238,fef yem
CM,bangou,mis,,
CM,bangwa,nge nnz,mbam1249,baf bmn fef mbi mbz mgk mkq yba yem
CM,banossi,mis,,
CM,banso,lns,lamn1239,lns
CM,banvele,mis,,
CI,baoulé,bci,baou1238,ble
CM,bapa,bbw,baba1264,mgk
CM,bapoukou,mis,,
NA,barakwena,xuu,kxoe1243,kxo
BJ,bariba,bba,baat1238,brb
NG,baruba,mis,,
NG,basange,mis,,
GH,basare,bud,ntch1242,ncm
GH,basari,bud,ntch1242,ncm
NG,bassa,bzw,basa1282,duk
CM,bassa,bas,basa1284,bas
LR,bassa,bsq,nucl1418,kla
GN,bassano foula,fuf,pula1262,fgu
GN,poular,fuf,pula1262,fgu
TG,bassar,bud,ntch1242,ncm
SN,bassari,bsc,bass1258,bsr
GH,basseli,bud,ntch1242,ncm
CM,basso,nla,ngom1271,fef yem
CM,bata,bta,bata1314,gud
CM,batanga,bnm,bata1285,bga
CM,batcham,nnh,ngie1241,fef yem
CM,batibo,mgo,meta1238,mud
CM,batie,bbj,ghom1247,fef yem
GH,batoe,ewe,ewee1241,ewa
CM,batomow,mis,,
CM,baton,mis,,
GH,battor,mis,,
NG,bawaje,mis,,
CM,bawan,mis,,
NG,bawara,mis,,
CM,baya,gya,nort2775,gbk
NG,bayam,gya,nort2775,gbk
CM,bayangam,ken,keny1279,kyg
CM,bayangi,ken,keny1279,kyg
SN,bayotte,bda,bayo1255,csk dio
NG,bazanfara,mis,,
CM,befang,bby,befa1241,agh bab baf bmn fef kou lns mbi mbz mgk mkq mud oku yba yem
GN,beka,mis,,
NG,bekwaira,mis,,
NG,bekwarr,bkv,bekw1241,agh aka bab baf bas bbl bdu bee bfi bga bia bku blu bmn bnk bob bol bsh bub buj buk buw cga cic com dbd dma dng dua eja eko eny ewo fef gun gus heh hem her hnd hol hya ifm ila jar kba kga kgr kik kil kin klz kmi kon kou ktb kte kwn kwy kyg kyo lbu lda ldo leb leg lgi lin lmb lns loz luc luv luy mbe mbi mbl mbz mdw mgk mgo mhu mit mkd mkq mkz mmw mpo mtb mua mud mwe nbe nbo ndb nde ndo ndu ngo nke nko nng non nse nto nyh nym oku png pog pre rga rim rnd rny rru sen ses sge sgl sgu shm shn skm sku stn sub swa swt tal tbw tet tgo tiv tki tks toz tsn tsw umb ven vif xho yak yao yba yem yey yns zul
CM,belibonachi,mis,,
ML,bella,ses,koyr1242,kse
BF,bella,mis,,
LR,belle,blh,kuwa1247,bet ddj grb gue kla ney vat wob
ZM,bemba,bem,bemb1257,lmb
ZM,bembia,bem,bemb1257,lmb
GH,bemuba,bim,bimo1239,bmb
TG,ben (moba),mfq,moba1244,bmb
CM,bene,bum,bene1244,buw
CM,benegun,mis,,
CM,bengwi,mis,,
DZ,berber language,kab shi shy,berb1260,bch bmz bou brf bse bsi kbl tai tas tsk zen
MA,berber language,rif shi tzm zgh,berb1260,bch bmz bou brf bse bsi kbl tai tas tsk zen
NE,béri béri,knc,cent2050,knr
NG,berieberi,knc,cent2050,knr
NG,berom,bom,bero1242,bir
NG,beron/birom,bom,bero1242,bir
CM,besa,mis,,
CI,bété,bet bev btg,bete1265,bet
NG,betem,mis,,
MG,betsimisaraka,bmm bzc,nort3196,mal
NG,bette,btt,bete1262,agh aka bab baf bas bbl bdu bee bfi bga bia bku blu bmn bnk bob bol bsh bub buj buk buw cga cic com dbd dma dng dua eja eko eny ewo fef gun gus heh hem her hnd hol hya ifm ila jar kba kga kgr kik kil kin klz kmi kon kou ktb kte kwn kwy kyg kyo lbu lda ldo leb leg lgi lin lmb lns loz luc luv luy mbe mbi mbl mbz mdw mgk mgo mhu mit mkd mkq mkz mmw mpo mtb mua mud mwe nbe nbo ndb nde ndo ndu ngo nke nko nng non nse nto nyh nym oku png pog pre rga rim rnd rny rru sen ses sge sgl sgu shm shn skm sku stn sub swa swt tal tbw tet tgo tiv tki tks toz tsn tsw umb ven vif xho yak yao yba yem yey yns zul
SN,beudick,mis,,
MU,bhojpuri,bho,bhoj1244,bho
BJ,biali,beh,bial1238,ntn wwa
NG,bijim,bij,vagh1247,tok
CM,bikom,bkm,komc1235,kou
NG,bille,bil,bile1244,jar
GH,bimoba,bim,bimo1239,bmb
BF,birifor,bfo,malb1235,dga
GH,birifori,biv,sout2790,dga
NG,birom,bom,bero1242,bir
ZM,bisa,leb,bisa1264,lmb
NG,bisa,bqp,busa1253,bus
GH,bisab,bib,biss1248,bis
BF,bissa,bib,biss1248,bis
GH,bissa,bib,biss1248,bis
MZ,bitonga,toh,gito1238,eko loz mua ndb rga ses stn swt tsn tsw ven xho zul
CM,bobis,mis,,
BF,bobo,bbo bwq,bobo1253,bbf
ML,bobo,bmq,bomu1247,kfe
ZW,bocha,mxc,boch1238,shn
NG,bogobara,mis,,
NG,boiyana,mis,,
NG,boki,bky,boky1238,agh aka bab baf bas bbl bdu bee bfi bga bia bku blu bmn bnk bob bol bsh bub buj buk buw cga cic com dbd dma dng dua eja eko eny ewo fef gun gus heh hem her hnd hol hya ifm ila jar kba kga kgr kik kil kin klz kmi kon kou ktb kte kwn kwy kyg kyo lbu lda ldo leb leg lgi lin lmb lns loz luc luv luy mbe mbi mbl mbz mdw mgk mgo mhu mit mkd mkq mkz mmw mpo mtb mua mud mwe nbe nbo ndb nde ndo ndu ngo nke nko nng non nse nto nyh nym oku png pog pre rga rim rnd rny rru sen ses sge sgl sgu shm shn skm sku stn sub swa swt tal tbw tet tgo tiv tki tks toz tsn tsw umb ven vif xho yak yao yba yem yey yns zul
NG,bole,bol,nucl1695,blq
BF,bolon,bof,bolo1266,bam dyu mka mnk
CM,bongken,bvg,bonk1243,bas bfi bga bku bnk buj buw dua ewo ldo mkz mpo tgo
GH,bono,abr,abro1238,akn
BJ,boo,bqc,boko1266,bok
KE,boran,gax,bora1272,orb
KE,borana,gax,bora1272,orb
NG,borom,mis,,
CM,bouda,mis,,
ML,bozo,boz bze boo bzx,bozo1252,boz
NG,brass,mis,,
GH,brefo,mis,,
GH,brefo/birfuo,biv,sout2790,dga
GH,brong,abr,abro1238,akn
GH,brosa,any,anyi1245,ayi
SD,brown amer language,mis,,
CM,bu,boe,mund1328,agh aka bab baf bas bbl bdu bee bfi bga bia bku blu bmn bnk bob bol bsh bub buj buk buw cga cic com dbd dma dng dua eja eko eny ewo fef gun gus heh hem her hnd hol hya ifm ila jar kba kga kgr kik kil kin klz kmi kon kou ktb kte kwn kwy kyg kyo lbu lda ldo leb leg lgi lin lmb lns loz luc luv luy mbe mbi mbl mbz mdw mgk mgo mhu mit mkd mkq mkz mmw mpo mtb mua mud mwe nbe nbo ndb nde ndo ndu ngo nke nko nng non nse nto nyh nym oku png pog pre rga rim rnd rny rru sen ses sge sgl sgu shm shn skm sku stn sub swa swt tal tbw tet tgo tiv tki tks toz tsn tsw umb ven vif xho yak yao yba yem yey yns zul
GH,buam/lelemi,lef,lele1264,llm
CM,buda,mis,,
ZW,budya,mis,,
GH,buem,lef,lele1264,llm
GH,buile,mis,,
GH,builsa,bwu,buli1254,buy
ZW,buja,sna,budy1238,shn
NG,buji,jer,buji1242,amo
NG,bujja,mis,,
NG,buju,jer,buji1242,amo
KE,bukusu,bxk,buku1249,buk
GH,bule,bwu,buli1254,buy
ZA,bulgarian,bul,bulg1262,bul
GH,buli,bwu,buli1254,buy
GH,bulsa,bwu,buli1254,buy
CM,bulu,bum,bulu1251,buw
CM,bum,mdd,mbum1254,mbm
NG,bura,bwr,bura1292,bpa
NG,burah,bwr,bura1292,bpa
KE,burji,bji,burj1242,brj
GH,busanga,mis,,
NG,bussa,mis,,
GH,buzanga,mis,,
BF,bwamu,bmq box,bwam1247,kfe
ZM,bwile,bwc,bwil1245,lmb tbw
NG,cabarmawa,mis,,
NG,calabar,efi,efik1245,efi
NA,caprivi languages,loz,lozi1239,loz
MZ,chaewa,nya,nyan1308,cic
TZ,chagga,old,moch1256,cga
NG,chamawa,mis,,
GH,chamba,bud,ntch1242,ncm
NG,chamba,ccg,samb1311,mla tik
MZ,changana,tso,chan1318,tsn
ZW,changani,tso,chan1318,tsn
MZ,chape,cce,chop1243,eko loz mua ndb rga ses stn swt tsn tsw ven xho zul
NG,chawai,cch,atsa1241,amo
GH,chekosi,cko,anuf1239,anu
MZ,chena,seh,nucl1396,sen
BW,chechewa,nya,chew1246,cic
MW,chechewa,nya,chew1246,cic
MZ,chechewa,nya,chew1246,cic
ZM,chechewa,nya,chew1246,cic
ZW,chechewa,nya,chew1246,cic
BW,cheua,nya,chew1246,cic
MW,cheua,nya,chew1246,cic
MZ,cheua,nya,chew1246,cic
ZM,cheua,nya,chew1246,cic
ZW,cheua,nya,chew1246,cic
BW,chewa,nya,chew1246,cic
MW,chewa,nya,chew1246,cic
MZ,chewa,nya,chew1246,cic
ZM,chewa,nya,chew1246,cic
ZW,chewa,nya,chew1246,cic
BW,chewa/nyanja,nya,chew1246,cic
MW,chewa/nyanja,nya,chew1246,cic
MZ,chewa/nyanja,nya,chew1246,cic
ZM,chewa/nyanja,nya,chew1246,cic
ZW,chewa/nyanja,nya,chew1246,cic
BW,chewe,nya,chew1246,cic
MW,chewe,nya,chew1246,cic
MZ,chewe,nya,chew1246,cic
ZM,chewe,nya,chew1246,cic
ZW,chewe,nya,chew1246,cic
BW,chichewa,nya,chew1246,cic
MW,chichewa,nya,chew1246,cic
MZ,chichewa,nya,chew1246,cic
ZM,chichewa,nya,chew1246,cic
ZW,chichewa,nya,chew1246,cic
BW,tchitchewa,nya,chew1246,cic
MW,tchitchewa,nya,chew1246,cic
MZ,tchitchewa,nya,chew1246,cic
ZM,tchitchewa,nya,chew1246,cic
ZW,tchitchewa,nya,chew1246,cic
MZ,chibarue,bwg,barw1243,sen
MZ,chibaure,bwg,barw1243,sen
NG,chibok,ckl,ciba1236,bpa
MZ,chiburue,bwg,barw1243,sen
MZ,chigorongozi,mis,,
ZW,chikaranga,sna,kara1480,shn
ZM,chikunda,kdn,kund1255,cic sen
ZW,chikunda,kdn,kund1255,cic sen
MW,chilambya,lai,lamb1272,lmb
MW,chilomwe,lon,mala1256,mua
MW,chimambwe,mgr,mamb1297,mmw
MW,chimang'anja,swk,mala1475,sen
MW,chimang’anja,swk,mala1475,sen
MZ,chimanica,mxc,many1258,shn
MZ,chimarenge,vmr,mare1260,eko mua
GH,chimullu,ncu,chum1261,cum
MW,chinamwanga,mwn,,
MW,chindali,ndh,ndal1241,mmw nyh
MW,chindalii,ndh,ndal1241,mmw nyh
MW,chindebele,nde,nort2795,swt xho zul
ZA,chinese,cmn zho,mand1415,wuc
MZ,chingoni,ngo,ngon1270,cic
MW,chingoni,nya,ngon1270,cic
MZ,chingozi,mis,,
MZ,chinhungue,mxc,hung1277,shn
MW,chinkhonde,nyy,nkon1246,mmw nyh
MW,chinyakyusa,nyy,nyak1260,mmw nyh
MW,chinyanja,nya,nyan1308,cic
MW,chinyika,nkv,nyik1246,nyh
MW,chinyungwe,nyu,nyun1248,sen
NA,chinyungwe,nyu,nyun1248,sen
NG,chip,mjs,mish1244,anc goe mup
MW,chisena,swk,mala1475,sen
ZM,chisena,swk,mala1475,sen
MW,chisenga,tum,seng1277,cic sen
ZM,chishinga,bem,bemb1257,lmb
MW,chisukwa,ndh,ndal1241,mmw nyh
MW,chiswahili,swh,swah1253,swa
MZ,chitawala,twl,tawa1270,shn
ZW,chitawala,mis,,
MZ,chitcheiwa,nya,chew1246,cic
MZ,chiteue,twx,tewe1238,shn
MZ,chitewe,twx,tewe1238,shn
MZ,chiteye,twx,tewe1238,shn
ZW,chitoko,mis,,
MW,chitonga,tog,tong1321,cic sen
MZ,chitsua,tsc,tswa1255,rga tsn
MZ,chitswa,tsc,tswa1255,rga tsn
MW,chitumbuka,tum,tumb1250,cic sen
MZ,chitxua,tsc,tswa1255,rga tsn
MZ,chiute,twx,tewe1238,shn
MW,chiwandya,swk,mala1475,sen
ZM,chiyamba,mis,,
MW,chiyao,yao,yaoo1241,yao
GH,chokosi,cko,anuf1239,anu
ZM,chokwe,cjk,chok1245,luv
MZ,chona,mis,,
MZ,chongo,mis,,
KE,chonyi,coh,chon1287,com
MZ,chope,cce,chop1243,eko loz mua ndb rga ses stn swt tsn tsw ven xho zul
CM,choua,mis,,
MZ,chuabo,chw,chuw1238,eko mua
GH,chukusi,cko,anuf1239,anu
GH,chumburu,ncu,chum1261,cum
MZ,chutcua,mis,,
MZ,cicopi,cce,chop1243,eko loz mua ndb rga ses stn swt tsn tsw ven xho zul
MZ,cicoti,eko,koti1238,eko
MZ,cimanyika,mxc,many1258,shn
MZ,cindau,ndc,ndau1241,shn
MZ,cinyanja,nya,nyan1308,cic
MZ,cinyungwe,nyu,nyun1248,sen
MZ,cisena,seh,nucl1396,sen
MZ,citshwa,tsc,tswa1255,rga tsn
MG,comorien,swb wlc wni zdj,como1260,com
MZ,coti,eko,koti1238,eko
SN,creol,pov,uppe1455,gbc
MU,creole,mfe,mori1278,mcr
CV,caboverdiano,kea,kabu1256,por
ST,caboverdiano,kea,kabu1256,por
CV,creole,kea,kabu1256,por
ST,creole,kea,kabu1256,por
CV,crioulo,kea,kabu1256,por
ST,crioulo,kea,kabu1256,por
NG,cross river yala,yba,yala1263,ido
CM,daba,dbq,nucl1683,dab
NG,dador,mis,,
BF,dafing,rkm,mark1256,bam dyu mka mnk
ML,dafing,rkm,mark1256,bam dyu mka mnk
GH,dagaare,dga,sout2789,dga
GH,dagaari,dga,sout2789,dga
GH,dagaarti,dga,sout2789,dga
GH,dagare,dga,sout2789,dga
GH,dagaree,dga,sout2789,dga
BF,dagari,dgi,nort2780,dga
GH,dagate,dga,sout2789,dga
GH,dagbane,dag,dagb1246,dgb
GH,dagbani,dag,dagb1246,dgb
GH,dagomba,dag,dagb1246,dgb
CI,dahomey,fon,fonn1241,fon
NG,dakarkari,dri,clel1238,duk
BW,damara,naq,nama1264,kho
NA,damara,naq,nama1264,kho
ZM,damara,naq,nama1264,kho
ZW,damara,naq,nama1264,kho
GH,dangaare,dga,sout2789,dga
GH,dangbe,ada,adan1247,ga
CM,dbo,mis,,
GH,deg-(moo),mis,,
NG,degema,deg,dege1246,deg
LR,dei,dee,dewo1238,grb gue kla wob
NG,delta,mis,,
BJ,dendi,ddn,dend1243,zar
SN,diahanke,man mlq,west2500,maw
ML,diaka,mis,,
GN,diakanke,jad,jaha1245,maw xas
GN,diakanké,jad,jaha1245,maw xas
SN,diakhanke,man mlq,west2500,maw
MG,dialect malg,bhr bmm bzc msh skg tdx tkg txy xmv xmw,mala1537,mal
MG,dialecte,bhr bmm bzc msh skg tdx tkg txy xmv xmw,mala1537,mal
MG,langue régionale,bhr bmm bzc msh skg tdx tkg txy xmv xmw,mala1537,mal
MG,malagasy dialect,bhr bmm bzc msh skg tdx tkg txy xmv xmw,mala1537,mal
MG,malagasy with regional variation,bhr bmm bzc msh skg tdx tkg txy xmv xmw,mala1537,mal
MG,malgache avec spécificité régionale,bhr bmm bzc msh skg tdx tkg txy xmv xmw,mala1537,mal
GH,dibebi,mis,,
CI,dida,dic gud,dida1245,vat
NG,diemak,mis,,
KE,digo,dig,digo1243,com
CM,dii,dur,diii1241,ygd
KE,dinka,mis,,
SN,diola,dyo,jola1263,dio
BF,dioula,dyu,dyul1238,dyu
CI,dioula,dyu,dyul1238,dyu
BJ,ditamari,tbz,dita1238,ntn
GN,djalounké,yal,yalu1240,sus
CM,djanch,mis,,
CM,djem,njy,njye1238,mkz
BF,djerma,dje,zarm1239,zar
CI,djimini,dyi,djim1235,dym
BF,docces,mis,,
ML,dogon,aqd dtj dbw dbt dbu dgb dbg dds djm dmb nnz dtu dtk tde dto dtm dts dtt dym,dogo1299,dds dds dts jms tms
BF,dogon,djm dtm,plai1257,jms
BF,dogons,djm dtm,plai1257,jms
BF,dogose,dos,dogo1295,brb kby kir kow lob lye nnn ssa tem tmp vag xsm
BF,dogosse,dos,dogo1295,brb kby kir kow lob lye nnn ssa tem tmp vag xsm
GH,dolime,wlx,wali1263,dga
GH,dolimuu,mis,,
ZW,dombe,dov,domb1246,ila toz
BF,donsin,mis,,
CM,douala,dua,dual1243,dua
CM,dourou,dur,diii1241,ygd
CM,dschang,ybb,yemb1246,yem
CM,du,mis,,
ZW,dumbe,mis,,
KE,duruma,dug,duru1249,com
NG,eapie,mis,,
NG,ebira,igb,ebir1243,ebi
CI,ebrie,ebr,ebri1238,akn anu ayi ble cum nkn
MZ,echuwabu,chw,chuw1238,eko mua
NG,ecthie,mis,,
CM,edjagham,mis,,
NG,edo,bin,bini1246,bni
NG,efik,efi,efik1245,efi
GH,efutu,afu,awut1241,cum nkn
CI,ega,ega,egaa1242,ega
NG,egbema,ijc,izon1238,ijo
NG,egbma,ijc,izon1238,ijo
NG,egbueuakaa,mis,,
NG,egede,ige,iged1239,ige
NG,eggon,ego,eggo1239,bir fye gwo kgm mdz tok
NG,egi,mis,,
CI,ehotile,eot,beti1248,akn anu ayi ble cum nkn
CM,ejagam,etu,ejag1239,eja
NG,ejagam,etu,ejag1239,eja
CM,ejagham,etu,ejag1239,eja
CM,ejaka,mis,,
CM,ejakam,mis,,
MZ,ekote,eko,koti1238,eko
NG,ekpeye,ekp,ekpe1253,igb izi
CM,elam eguo,ags,esim1238,tiv
CM,elam equ0,ags,esim1238,tiv
CM,elam equo,mis,,
NG,eleme,elm,elem1253,gok kan
MZ,emakhuwa,vmw,makh1264,mua
KE,embu,ebu,embu1241,kik
BF,english,eng,stan1293,eng
BJ,english,eng,stan1293,eng
BW,english,eng,stan1293,eng
CM,english,eng,stan1293,eng
CV,english,eng,stan1293,eng
GH,english,eng,stan1293,eng
KE,english,eng,stan1293,eng
LR,english,eng,stan1293,eng
LS,english,eng,stan1293,eng
MG,english,eng,stan1293,eng
MU,english,eng,stan1293,eng
MW,english,eng,stan1293,eng
MZ,english,eng,stan1293,eng
NA,english,eng,stan1293,eng
NG,english,eng,stan1293,eng
SD,english,eng,stan1293,eng
SL,english,eng,stan1293,eng
SN,english,eng,stan1293,eng
SZ,english,eng,stan1293,eng
UG,english,eng,stan1293,eng
ZA,english,eng,stan1293,eng
ZM,english,eng,stan1293,eng
ZW,english,eng,stan1293,eng
ZA,english + ndebele,eng,stan1293,eng
ZA,english + pedi/n. sotho,eng,stan1293,eng
ZA,english + sesotho/s. sotho,eng,stan1293,eng
ZA,english + setswana,eng,stan1293,eng
ZA,english + venda,eng,stan1293,eng
ZA,english + xhosa,eng,stan1293,eng
ZA,english + zulu,eng,stan1293,eng
NA,english + afrikaans,afr,afri1274,afr
NA,english and afrikaans,afr,afri1274,afr
KE,english and kamba,eng,stan1293,eng
KE,english and kikuyu,eng,stan1293,eng
KE,eng and swahili,eng,stan1293,eng
KE,english and kiswahili,eng,stan1293,eng
KE,english/swahili,eng,stan1293,eng
NA,english and local languages,eng,stan1293,eng
KE,english and luo,eng,stan1293,eng
NA,english and oshiwambo,kua,kuan1247,mhu ndo
NA,"english, afrikaans and local languages",eng,stan1293,eng
KE,"english, kiswahili and kalenjin",eng,stan1293,eng
KE,"english, kiswahili and kikuyu",eng,stan1293,eng
KE,"english, kiswahili and meru",eng,stan1293,eng
KE,"english, kiswahili, and kamba",eng,stan1293,eng
NG,epeye,ekp,ekpe1253,igb izi
NG,epia,epi,epie1238,deg egn
NG,epie,epi,epie1238,deg egn
NG,esako,mis,,
NG,esan,ish,esan1238,bni ora
CM,esimbi,ags,esim1238,tiv
CM,essimbi,ags,esim1238,tiv
CM,esu,mis,,
CM,etenga,mis,,
NG,eterco,mis,,
CM,eton,eto,eton1253,buw ewo
NG,etsako,ets,yekh1238,ets
GH,ewe,ewe,ewee1241,ewe
TG,ewe,ewe,ewee1241,ewe
GH,ewé,ewe,ewee1241,ewe
TG,ewé,ewe,ewee1241,ewe
GH,ewe and fante,ewe,ewee1241,ewa
CM,ewodi,dua,dual1243,dua
CM,ewondo,ewo,ewon1239,ewo
NG,ezi delta igbo,ibo,nucl1417,igb
NG,fakama,mis,,
NG,fakawa,mis,,
NG,fakun,mis,,
CM,fali,fal fll,adam1254,aiz
NG,fali,fli,fali1285,gud
NG,faliya,mis,,
CM,fang,fan,fang1246,buw ewo
GA,fang,fan,fang1246,buw ewo
GH,fante,fat,fant1241,akn
GH,fanti,fat,fant1241,akn
NG,femawa,mis,,
TZ,fipa,fip,fipa1238,mmw
BJ,fodo,mis,,
BJ,fon,fon,fonn1241,fon
TG,fon,fon,fonn1241,fon
CM,fong,ewo,fong1242,ewo
BF,forgeron (noumou),cpo,kpee1234,bbf
ST,foro,cri,saot1239,pri ago
ST,forro,cri,saot1239,pri ago
CM,foufoulde,fub,adam1253,fgo fni
CM,foufouldé,fub,adam1253,fgo fni
CM,fulami,fub,adam1253,fgo fni
CM,fulane,fub,adam1253,fgo fni
CM,peulh,fub,adam1253,fgo fni
CM,foulbe,mis,,
GH,frafra,gur,fare1241,grn
BF,francais,fra,stan1290,fre
BI,francais,fra,stan1290,fre
BJ,francais,fra,stan1290,fre
BW,francais,fra,stan1290,fre
CI,francais,fra,stan1290,fre
CM,francais,fra,stan1290,fre
DZ,francais,fra,stan1290,fre
GA,francais,fra,stan1290,fre
GH,francais,fra,stan1290,fre
GN,francais,fra,stan1290,fre
KE,francais,fra,stan1290,fre
MA,francais,fra,stan1290,fre
MG,francais,fra,stan1290,fre
ML,francais,fra,stan1290,fre
MU,francais,fra,stan1290,fre
NA,francais,fra,stan1290,fre
NE,francais,fra,stan1290,fre
SD,francais,fra,stan1290,fre
SN,francais,fra,stan1290,fre
TG,francais,fra,stan1290,fre
TN,francais,fra,stan1290,fre
UG,francais,fra,stan1290,fre
BF,francaise,fra,stan1290,fre
BI,francaise,fra,stan1290,fre
BJ,francaise,fra,stan1290,fre
BW,francaise,fra,stan1290,fre
CI,francaise,fra,stan1290,fre
CM,francaise,fra,stan1290,fre
DZ,francaise,fra,stan1290,fre
GA,francaise,fra,stan1290,fre
GH,francaise,fra,stan1290,fre
GN,francaise,fra,stan1290,fre
KE,francaise,fra,stan1290,fre
MA,francaise,fra,stan1290,fre
MG,francaise,fra,stan1290,fre
ML,francaise,fra,stan1290,fre
MU,francaise,fra,stan1290,fre
NA,francaise,fra,stan1290,fre
NE,francaise,fra,stan1290,fre
SD,francaise,fra,stan1290,fre
SN,francaise,fra,stan1290,fre
TG,francaise,fra,stan1290,fre
TN,francaise,fra,stan1290,fre
UG,francaise,fra,stan1290,fre
BF,french,fra,stan1290,fre
BI,french,fra,stan1290,fre
BJ,french,fra,stan1290,fre
BW,french,fra,stan1290,fre
CI,french,fra,stan1290,fre
CM,french,fra,stan1290,fre
DZ,french,fra,stan1290,fre
GA,french,fra,stan1290,fre
GH,french,fra,stan1290,fre
GN,french,fra,stan1290,fre
KE,french,fra,stan1290,fre
MA,french,fra,stan1290,fre
MG,french,fra,stan1290,fre
ML,french,fra,stan1290,fre
MU,french,fra,stan1290,fre
NA,french,fra,stan1290,fre
NE,french,fra,stan1290,fre
SD,french,fra,stan1290,fre
SN,french,fra,stan1290,fre
TG,french,fra,stan1290,fre
TN,french,fra,stan1290,fre
UG,french,fra,stan1290,fre
NG,fulani,fub,adam1253,fgo
GH,fulani,ffm,maas1239,fum
BF,fulfude,fuh,west2454,fbf
NE,fulfuldé,fuh fuq,cent2018,fbf fni
BF,fulfuldé,fuh,west2454,fbf
SL,fulla,fuf,pula1262,fgu
SL,fullah,fuf,pula1262,fgu
BF,fuls,kfz,koro1298,kfe
BF,fulse,kfz,koro1298,kfe
BF,fulsé,kfz,koro1298,kfe
GH,ga,gaa,gaaa1244,ga
GH,ga/dangbe,ada gaa,gada1257,ga
KE,gabra,gax,gabr1255,orb
CM,gabsiki,mis,,
CI,gagou,ggu,gagu1242,bnq
CI,gain,mis,,
TG,gangan,mis,,
KE,gare,gex,garr1259,bys ren som
KE,garre,gex,garr1259,bys ren som
ZW,garwe,ndc,ndau1241,shn
GH,gawu,mis,,
NG,gbagi,gbr,gbag1258,gwa
NG,gbagyi,gbr,gbag1258,gwa
NG,gbaji,gbr,gbag1258,gwa
LR,gbandi,bza,band1352,bnd
CM,gbaya,gya,nort2775,gbk
NG,gbile,mis,,
GH,gekyode,acd,giky1238,cum
NG,geomai,ank,goem1240,goe
BW,german,deu,stan1295,ger
NA,german,deu,stan1295,ger
NG,geum,mis,,
CM,ghemba,mis,,
CM,ghomala,mis,,
LR,gio,dnj,dann1241,dan
KE,giriama,nyf,giry1241,com
MZ,gitonga,toh,gito1238,eko loz mua ndb rga ses stn swt tsn tsw ven xho zul
CM,gizzigare,mis,,
NG,glanda,glw,glav1244,mlg
CI,gnanboua,nwb,nyab1255,gue wob
CI,gniaboua,nwb,nyab1255,gue wob
CI,gnideboua,mis,,
ZM,goba,sna,shon1251,shn
CI,godié,god,godi1239,ddj
BF,goin,cme,cerm1238,kir
LR,gola,gol,gola1255,gol
NG,gomai,mis,,
NG,gomu,gwg,mooo1239,bmb brb buy dga dgb grm grn kby kfe kir kkb kni kow lob lye mmp moo ncm nnn ntn ssa tem tmp vag wwa xsm
GH,gonja,gjn,gonj1241,cum nkn
CM,gouife,mis,,
NE,goumantchéma,gux,gour1243,grm
BJ,goun,guw,gunn1250,guw
TG,gourma,gux,gour1243,grm
CI,gouro,goa,guro1248,gro
BF,gourounsi,gur,fare1241,grn
LR,grebo,grb,greb1256,grb
GH,gruma,bim,bimo1239,bmb
GH,gruni,gur,fare1241,grn
GH,grushi,xsm,kase1253,xsm
GH,grushie,xsm,kase1253,xsm
GH,grusi,cll kdh mzw ntr sig sil ssl tpm vag xsm,grus1239,xsm
GH,grussi,cll kdh mzw ntr sig sil ssl tpm vag xsm,grus1239,xsm
GH,guan,gwx,guaa1238,nkn
CI,guéré,gxx wec,guer1240,gue
GN,guerze,gkp,guin1254,kpe
CM,guidar,gid,gida1247,gdr
CM,guider,gid,gida1247,gdr
CM,guiziga,gis giz,maro1246,giz
KE,gujarat,guj,guja1252,guj
KE,gujarati,guj,guja1252,guj
KE,gujrathi,guj,guja1252,guj
BF,gulmacema,gux,gour1243,grm
KE,gunya,swh,baju1245,swa
GN,gurerze,gkp,guin1254,kpe
GH,guruma,bim,bimo1239,bmb
GH,guruni,gur,fare1241,grn
NG,gwandara,gwn,gwan1268,hau
NG,gwari,gbr gby,gbag1256,gwa
NG,gwong,kdm,kago1247,kgm
NG,gwoza,gdf ngs,dghw1240,gdf
NG,gyerawa,mis,,
KE,"half taita, half zai",dav,tait1250,dbd
GH,hanga,hag,hang1258,dgb mmp
BF,haoussa,hau,haus1257,hau
BJ,haoussa,hau,haus1257,hau
CM,haoussa,hau,haus1257,hau
GA,haoussa,hau,haus1257,hau
ML,haoussa,hau,haus1257,hau
NE,haoussa,hau,haus1257,hau
TG,haoussa,hau,haus1257,hau
MA,hassaniya,mey,hass1238,ahs
GH,hausa,hau,haus1257,hau
NG,hausa,hau,haus1257,hau
TZ,haya,hay,haya1250,hya
TZ,hehe,heh,hehe1240,heh
NA,herero languages,her,here1253,her
NG,higgi,hig,kamw1239,ban
CM,hina,hna,mina1276,hna
ZW,hindi,hin,hind1269,hin
KE,hindu,hin,hind1269,hin
BJ,houssa,hau,haus1257,hau
GH,husa,hau,haus1257,hau
ZW,hwesa,sna,shon1251,shn
NG,ibaji,igl,igal1242,ise yor
NG,ibani,iby,iban1261,ijo
NG,ibibio,ibb,ibib1240,ibi
NG,ibibio-efik,efi ibb,efik1244,efi ibi
NG,ibie,mis,,
NG,ibo,ibo,nucl1417,igb
CM,ibo,mis,,
NG,ichen,ich,etky1238,kpa
ZM,ichibemba,bem,bemb1257,lmb
ZM,icishila,mis,,
BJ,idacha,idd,edei1244,yor
BJ,ide,ijj,edei1245,yor
NG,idoma,idu,idom1241,ido
TG,ife (ana),ife,ifee1241,yor
NG,igala,igl,igal1242,ise yor
NG,igala/idoma,igl,igal1242,ise yor
NG,igara,igl,igal1242,ise yor
NG,igbira,igb,ebir1243,ebi
NG,igbo,ibo,nucl1417,igb
NG,igede,ige,iged1239,ige
NG,ijaw,ijc ijs,ijoo1239,ijo
NG,ijaw/kalabari/okirika/andoni/ogoni/nembe,ijc,izon1238,ijo
NG,ika,ikk,ikaa1238,igb izi
BW,ikalanga/sekala,kck,ikal1242,klz
BW,ikalanga/sekalaka,kck,ikal1242,klz
NG,ikan,mis,,
NG,ikewere,ikw,ikwe1242,igb izi
NG,ikom,iko,olul1245,agb
NG,ikpena,mis,,
NG,ikpon,mis,,
TG,ikposso (akposso),kpo,ikpo1238,kpo
NG,ikwere,ikw,ikwe1242,igb izi
NG,ikwerre,ikw,ikwe1242,igb izi
ZM,ila,ilb,ilaa1246,ila
KE,indian,guj,guja1252,guj
SZ,indian,hin,hind1269,hin
ZA,indian,hin,hind1269,hin
NG,ipia,mis,,
NG,iregwe,iri,irig1241,gwo
NG,irigwe,iri,irig1241,gwo
NG,irobo/urhobo,urh,urho1239,urh
NG,ishan/esan,ish,esan1238,bni ora
LS,isixhoza,xho,xhos1239,xho
NG,isoko,iso,isok1239,iso
CM,isu,szv,isuf1235,dua
ZA,ithopiwa,amh,amha1245,amh
NG,itsekiri,its,isek1239,ise
NG,iyala,yba,yala1263,ido
NG,izere,izr,izer1241,gwo
NG,jaba,ldb,idun1241,kgm
NG,jaja,mis,,
TZ,jaluo,luo,luok1236,luo
UG,japadhola,adh,adho1243,luo
UG,japhadhola,adh,adho1243,luo
NG,jarawa,jgk jjr,jara1263,jar
NG,jenjo,jen,dzaa1238,bmb brb buy dga dgb grm grn kby kfe kir kkb kni kow lob lye mmp moo ncm nnn ntn ssa tem tmp vag wwa xsm
ZW,jindwi,mxc,many1258,shn
UG,jonam,alz,alur1250,luo
NG,jukum,juk,wapa1235,juk
CM,jukum,mis,,
NG,jukun,jbu,juku1254,juk
NG,jukun donga,jbu,juku1254,juk
NG,jukun wanu,jub,wann1241,juk
GH,kaakye,kye,krac1238,cum
KE,kabarasi,lkb,kabr1240,buk
NG,kabba,bgu,mbon1253,mla
NG,kabba/bunu,bgu,mbon1253,mla
NG,kabba/koro,ahs bqv ldb yes,koro1301,kgm
TG,kabye,kbp,kabi1261,kby
TG,kabyè,kbp,kabi1261,kby
NG,kadara,kad,kada1284,bir fye gwo kgm mdz tok
BF,kado,mis,,
NG,kagara,mis,,
NG,kagoma,kdm,kago1247,kgm
NG,kagoro,kcg,tyap1238,gwo
NG,kagoru,kcg,tyap1238,gwo
NG,kaika,mis,,
NG,kaka,yam,yamb1251,yba
NG,kakabari,mis,,
GN,kakabhe,kke,kaka1265,kko
TZ,kakaguru,mis,,
ML,kakolo,xkg,kago1248,maw mdk xas
UG,kakwa,keo,kakw1240,kuk
NG,kalabari,ijn,kala1381,ijo
ZW,kalanga,kck,kala1384,klz
KE,kalejin,kln,kale1246,nan
KE,kalenjin,kln,kale1246,nan
KE,kamba,kam,kamb1297,kba
NG,kambari,yaz,loka1252,agb
TG,kamboli,mis,,
NG,kambu,lmp,limb1268,mbz yba
CM,kambu,mis,,
CM,kangyang,mis,,
GH,kanjaga,bwu,buli1254,buy
CM,kanouri,knc,cent2050,knr
NE,kanuri,kau,kanu1281,knr
NG,kanuri,kby knc,kanu1281,knr
ZM,kaonda,kqn,kaon1241,kil
ZM,kaonde,kqn,kaon1241,kil
UG,kapsabinyi,kpz,kups1238,seb
CM,kapsiki,kvj,psik1239,ban
BF,karaboro,kza xrb,kara1479,tny
BF,karakan,mis,,
UG,karamajong,mis,,
ZW,karanga,sna,kara1480,shn
NG,kare kare,kai,kare1348,blq
NG,karekare,kai,kare1348,blq
NG,kari-kari,kai,kare1348,blq
NG,karmo,mis,,
GH,kasari,mis,,
GH,kasem,xsm,kase1253,xsm
GH,kasena,xsm,kase1253,xsm
GH,kasina,xsm,kase1253,xsm
BF,kassena,xsm,kase1253,xsm
NG,kataf,kcg,tyap1238,gwo
NG,kataf (atyap),kcg,tyap1238,gwo
NG,kataf(atyap),kcg,tyap1238,gwo
NG,katap,kcg,tyap1238,gwo
NG,katongu,mis,,
NA,kavango,mis,,
NA,kavango languages,diu kwn mho,cent2260,aka bbl bee blu bob bol bsh dma dng hem her ifm kil kon ktb kte kwn kwy kyo lbu lin luc luv mbe mbl mdw mgo mhu nbe ndo ndu nto sge sgl sgu sku tet tks umb vif yak yey yns
UG,kebu,ndp,ndoo1242,brz les mmv
UG,kebu.,nbp,nnam1238,nke
GA,kélè,keb,kele1257,bas bfi bga bku bnk buj buw dua ewo ldo mkz mpo tgo
KE,kenyan,swh,swah1253,swa
CM,keyka,mis,,
NG,khana,ogo,khan1278,kan
ML,khasonk,kao,xaas1235,xas
ML,khasonke,kao,xaas1235,xas
ML,khassonke,kao,xaas1235,xas
ML,khassonké,kao,xaas1235,xas
ZA,khoi,naq,nama1264,kho
ZA,khois,naq,nama1264,kho
ZA,khoisan,naq,nama1264,kho
MW,khokhola,kzn,koko1267,eko mua
TZ,kial-yorobi,mis,,
TZ,kiarusha,mas,arus1243,maa
TZ,kiasi,mis,,
NG,kibaku,ckl,ciba1236,bpa
TZ,kibarbaik,mis,,
TZ,kibembe,bmb,bemb1255,hol
TZ,kibena,bez,bena1262,heh
TZ,kibende,bdp,bend1258,buk cga com dbd gus heh hnd hya kba kga kgr kik kin kmi lda luy nbo nde ngo nko nym png pre rnd rny rru shm skm swa tal
TZ,kibondei,bou,bond1247,shm
TZ,kiborana,gax,bora1272,orb
TZ,kibunga,mis,,
TZ,kibungu,wun,bung1265,mmw
TZ,kichaga,old,moch1256,cga
TZ,kidigo,dig,digo1243,com
TZ,kidoe,doe,doee1238,kmi
TZ,kifipa,fip,fipa1238,mmw
TZ,kigindo,mis,,
TZ,kigogo,gog,gogo1263,shm
TZ,kigunya,mis,,
TZ,kigweno,gwe,gwen1239,cga
TZ,kiha,haq,haaa1252,kin rnd
TZ,kihangaza,han,hang1260,kin rnd
TZ,kihaya,hay,haya1250,hya
TZ,kihehe,heh,hehe1240,heh
TZ,kihindi,hin,hind1269,hin
NG,kiiba,mis,,
TZ,kiikizu,ikz,ikiz1238,gus
TZ,kiiraq,irk,iraq1241,irq
TZ,kiiraqi,irk,iraq1241,irq
TZ,kijahidiri,irk,iraq1241,irq
TZ,kijaluo,luo,luok1236,luo
TZ,kijita,jit,jita1239,gus
TZ,kikabwa,cwa,kabw1241,gus
TZ,kikagulu,kki,kagu1239,kgr
TZ,kikaguru,kki,kagu1239,kgr
TZ,kikahe,hka,kahe1238,cga
TZ,kikala,mis,,
TZ,kikamba,mis,,
ZM,kikaonde,kqn,kaon1241,kil
TZ,kikara,reg,kara1481,gus
TZ,kikerewe,ked,kere1283,hya lda nbo nko rny rru tal
TZ,kikiizu,mis,,
TZ,kikimbu,kiv,kimb1242,nym skm
TZ,kikine,ssc,suba1252,gus
TZ,kikinga,zga,nucl1379,kga
TZ,kikisi,kiz,kisi1243,png
TZ,kikonongo,kcz,kono1265,nym skm
TZ,kikurya,kuj,kuri1259,gus
TZ,kikutu,kdc,kutu1263,kmi
KE,kikuyu,kik,kiku1240,kik
TZ,kikwaya,kya,kway1241,gus
TZ,kikwere,ked,kere1283,hya lda nbo nko rny rru tal
TZ,kilambya,lai,lamb1272,nyh
NG,kilba babar,bwr,bura1292,bpa
TZ,kilindi,mis,,
TZ,kilongo,mis,,
TZ,kiluguru,ruf,lugu1238,kmi
TZ,kilungwa,mis,,
TZ,kiluri,kya,ruri1238,gus
TZ,kimakonde,kde,mako1251,mkd
TZ,kimakua,mgh,makh1261,mua
TZ,kimakunduchi,mis,,
TZ,kimakuwa,mgh,makh1261,mua
TZ,kimalila,mgq,mali1279,mmw nyh
TZ,kimalili,mis,,
TZ,kimambwe,mgr,mamb1297,mmw
TZ,kimanda,mgs,mand1423,ngo
TZ,kimang'ati,mis,,
TZ,kimanyema,nym,nyan1306,nym
TZ,kimasai,mas,masa1300,maa
TZ,kimatambwe,mis,,
TZ,kimatengo,mgv,mate1258,mtb
TZ,kimatumbi,mgw,matu1259,mtb
TZ,kimazuruni,mis,,
TZ,kimbembe,mis,,
TZ,kimbulu,irk,iraq1241,irq
TZ,kimbungo,mis,,
TZ,kimdale,mis,,
TZ,kimeru,rwk,rwaa1238,cga
MZ,kimuani,wmw,mwan1247,swa
TZ,kimuwanji,wbi,vwan1235,heh kga ngo png
MZ,kimwani,wmw,mwan1247,swa
TZ,kimwera,mwe,mwer1248,mwe
TZ,kinata,ntk,ikom1245,gus
TZ,kindali,ndh,ndal1241,mmw nyh
TZ,kindamba,ndj,ndam1239,pog
TZ,kindendeule,dne,nden1249,mtb
TZ,kindengereko,ndg,nden1248,mtb
TZ,kindonde,njd,mako1251,mkd
TZ,kindyewe,ked,kere1283,hya lda nbo nko rny rru tal
TZ,kingindo,nnq,ngin1244,mtb
TZ,kingoni,ngo,ngon1269,ngo
TZ,kinguu,ngp,ngul1246,shm
TZ,kinyagatwa,mis,,
TZ,kinyagazwa,mis,,
TZ,kinyakyusa,nyy,nyak1260,mmw nyh
TZ,kinyambo,now,nyam1277,nbo
UG,kinyamulenge,kin,kiny1244,kin
TZ,kinyamwanga,mwn,nyam1275,mmw
TZ,kinyamwezi,nym,nyam1276,nym
TZ,kinyantuzu,mis,,
UG,kinyarwanda,kin,kiny1244,kin
TZ,kinyasa,mpa,mpot1240,mtb
TZ,kinyaturu,rim,nyat1246,rim
TZ,kinyiha,nih nkt,nyik1249,nyh
TZ,kinyimbo,now,nyam1277,nbo
TZ,kinyiramba,nim,nila1242,rim
TZ,kinyisanzu,isn,isan1243,rim
TZ,kipagebi,mis,,
TZ,kipangwa,pbr,pang1287,png
TZ,kipare,asa,asut1235,pre
TZ,kipemba,swh,pemb1239,swa
TZ,kipimbwe,piw,pimb1238,mmw
TZ,kipogoro,poy,pogo1243,pog
KE,kipsigis,sgc,kips1239,nan
TZ,kirangi,lag,lang1320,lgi
KE,kirinyaga,kik,kiku1240,kik
TZ,kirufiji,rui,rufi1236,mtb
BI,kirundi,run,rund1242,rnd
TZ,kiruri,kya,ruri1238,gus
TZ,kiryeri,ssc,suba1252,gus
TZ,kisafwa,sbk,safw1238,mmw nyh
TZ,kisagala,sbm,saga1256,shm
TZ,kisagara,sbm,saga1256,shm
TZ,kisambaa,ksb,sham1280,shm
TZ,kisandawe,sad,sand1273,sdw
TZ,kisangu,sbp,sang1330,heh kga ngo png
TZ,kisanzu,isn,isan1243,rim
TZ,kisegeju,seg,sege1246,com
TZ,kishihiri,mis,,
TZ,kishirazi,ikz,ikiz1238,gus
TZ,kishubi,suj,shub1238,kin rnd
KE,kisii,guz,gusi1247,gus
TZ,kisimbiti,ssc,suba1252,gus
TZ,kisizaki,ikz,ikiz1238,gus
SL,kissi,kqs kss,kiss1245,kis kss
GN,kissi,kqs,nort2765,kis kss
LR,kissi,kss,sout2778,kss
GN,kissié,kqs,nort2765,kis kss
TZ,kisuba,ssc,suba1252,gus
TZ,kisubi,suj,shub1238,kin rnd
TZ,kisukuma,suk,suku1261,skm
TZ,kisumbwa,suw,sumb1240,nym skm
TZ,kisunva,mis,,
ZM,kiswahili,swc,cong1236,swa
BI,kiswahili,swh,swah1253,swa
BW,kiswahili,swh,swah1253,swa
KE,kiswahili,swh,swah1253,swa
MW,kiswahili,swh,swah1253,swa
MZ,kiswahili,swh,swah1253,swa
TZ,kiswahili,swh,swah1253,swa
UG,kiswahili,swh,swah1253,swa
KE,kiswahili and kalenjin,swh,swah1253,swa
KE,kiswahili and kamba,swh,swah1253,swa
KE,kiswahili and kikuyu,swh,swah1253,swa
KE,kiswahili and luhya,swh,swah1253,swa
KE,kiswahili/luhya,swh,swah1253,swa
TZ,kitaturu,mis,,
TZ,kitatuu,mis,,
TZ,kitongwe,tny,tong1320,buk cga com dbd gus heh hnd hya kba kga kgr kik kin kmi lda luy nbo nde ngo nko nym png pre rnd rny rru shm skm swa tal
TZ,kitumbatu,mis,,
TZ,kituwan,mis,,
TZ,kiuwanji,wbi,vwan1235,heh kga ngo png
TZ,kividunda,vid,vidu1238,shm
TZ,kiwanji,wbi,vwan1235,heh kga ngo png
TZ,kiyao,yao,yaoo1241,yao
TZ,kiyusi,guz,gusi1247,gus
TZ,kizanaki,zak,zana1238,gus
TZ,kizaramo,zaj,zara1247,kmi
TZ,kizigua,ziw,zigu1242,shm
TZ,kizinza,zin,zinz1238,hya lda nbo nko rny rru tal
CM,klum,mis,,
NG,knale,mis,,
CI,kodia,kwp,kodi1246,bet ddj ney vat
GH,kokomba,xon,konk1269,kkb
GH,kokonba,xon,konk1269,kkb
CM,kom,nfu,mfum1238,mbz yba
TG,komkomba,mis,,
BF,komono,kqm,khis1238,brb kby kir kow lob lye nnn ssa tem tmp vag xsm
CI,komonon,mis,,
NG,kona,juo,jiba1237,juk
SN,koniadie,mis,,
GN,konianké,man mku,kony1250,mnk
GH,konkoba,xon,konk1269,kkb
GH,konkomba,xon,konk1269,kkb
TG,konkomba,xon,konk1269,kkb
GN,kono,knu,kono1267,kpe
SL,kono,kno,kono1268,vai
GN,konon,knu,kono1267,kpe
ZW,korekore,sna,kore1281,shn
NG,koro,ahs bqv ldb yes,koro1301,kgm
CI,koro,kfo,koro1306,mka
NG,korro,ahs bqv ldb yes,koro1301,kgm
CM,koshin,kid,kosh1246,agh aka bab baf bas bbl bdu bee bfi bga bia bku blu bmn bnk bob bol bsh bub buj buk buw cga cic com dbd dma dng dua eja eko eny ewo fef gun gus heh hem her hnd hol hya ifm ila jar kba kga kgr kik kil kin klz kmi kon kou ktb kte kwn kwy kyg kyo lbu lda ldo leb leg lgi lin lmb lns loz luc luv luy mbe mbi mbl mbz mdw mgk mgo mhu mit mkd mkq mkz mmw mpo mtb mua mud mwe nbe nbo ndb nde ndo ndu ngo nke nko nng non nse nto nyh nym oku png pog pre rga rim rnd rny rru sen ses sge sgl sgu shm shn skm sku stn sub swa swt tal tbw tet tgo tiv tki tks toz tsn tsw umb ven vif xho yak yao yba yem yey yns zul
GA,kota,koq,kota1274,bas bfi bga bku bnk buj buw dua ewo ldo mkz mpo tgo
BJ,kotocoli,mis,,
CM,kotoko,kot,lagw1237,lag
GH,kotokoli,kdh,temm1241,tem
GH,kotokoli/chamba,kdh,temm1241,tem
GH,kotonkoli,kdh,temm1241,tem
CI,koulango,kzc nku,kula1277,bmb brb buy dga dgb grm grn kby kfe kir kkb kni kow lob lye mmp moo ncm nnn ntn ssa tem tmp tou tow vag wwa xsm
TG,kouloumi,mis,,
BJ,koura,mis,,
GN,kouranko,knk,kura1250,kko
TG,koussountou,bqg,bago1245,tem
CI,kouya,kyf,kouy1238,bet ddj
CI,kouzie,nwb,nyab1255,gue wob
CI,koyaka,kga,koya1253,mka
GN,kpelé,gkp,guin1254,kpe
GN,kpélé,gkp,guin1254,kpe
GN,kpèlè,gkp,guin1254,kpe
LR,kpelle,xpe,libe1247,kpe
TG,kpessi,kef,kpes1238,ewa
GH,krachi,kye,krac1238,cum
LR,krahn,kqo krw,weea1234,gue wob
GH,krakyi,kye,krac1238,cum
SL,krio,kri,krio1253,jcr
GH,krobo,ada,adan1247,ga
CI,krobou,kxb,krob1245,akn anu ayi ble cum nkn
CI,kroumen,pye ted,ivor1240,grb
LR,kru,klu,klao1243,kla
SL,kru,klu,klao1243,kla
NG,kuba,ruk,chee1238,mdz
UG,kuksabin,kpz,kups1238,seb
UG,kumam,kdi,kuma1275,lan
ZM,kunda,kdn nya,tumb1253,cic sen
UG,kupsabinyi,kpz,kups1238,seb
NG,kurama,krh,kura1249,amo
SL,kuranko,knk,kura1250,kko
KE,kuria,kuj,kuri1259,gus
TZ,kurya,kuj,kuri1259,gus
GH,kusaasi,kus,kusa1250,dgb mmp
GH,kusal,kus,kusa1250,dgb mmp
GH,kusasi,kus,kusa1250,dgb mmp
GH,kusasi/kusaase,kus,kusa1250,dgb mmp
NG,kuteb,kub,kute1248,juk kpa
GH,kwahu,twi,kwaw1238,akn
NG,kwalla,kwl,kofy1242,anc goe mup
ZM,kwamashi,mho,mash1267,aka bbl bee blu bob bol bsh dma dng hem her ifm kil kon ktb kte kwn kwy kyo lbu lin luc luv mbe mbl mdw mgo mhu nbe ndo ndu nto sge sgl sgu sku tet tks umb vif yak yey yns
CM,laka,mis,,
GH,lakpakaw,xon,konk1269,kkb
ZM,lala,leb,lala1265,lmb
TG,lama (lamba),las,lama1275,kby
BJ,lamba,las,lama1275,kby
TG,lamba,las,lama1275,kby
ZM,lamba,lam,lamb1271,lmb
ZM,lambia,mis,,
CM,lambo,mis,,
MW,lambya,lai,lamb1272,nyh
ZM,lambya,lai,lamb1272,nyh
CM,lamnso,lns,lamn1239,lns
GN,landouma,ldm,land1256,bgs tne
UG,langi,laj,lang1324,lan
SD,language almapat,mis,,
SD,language fellata,fub,adam1253,fgo
SD,language inqasna,mis,,
NG,lanta,mis,,
NG,lantan,mis,,
GH,larteh,lar,lart1238,cum nkn
NG,laru,lan,laru1238,amo awk duk
NG,lawabe,mis,,
CM,lebialem,mis,,
GH,lekpekpe,lip,sekp1241,llm
CM,lele,mis,,
CM,lemande,lem,noma1260,gun tki
NG,lemoro,ldj,lemo1242,amo
UG,lendu,led,lend1245,nti
ZM,lenje,leh,lenj1248,ila toz
LR,liberian english,lir,libe1240,npi
LR,liberian simple english,lir,libe1240,npi
LR,simple liberian english,lir,libe1240,npi
MZ,ligete,mis,,
MZ,ligode,mis,,
MZ,ligote,mis,,
MZ,ligoute,mis,,
GH,likpakpaln,xon,konk1269,kkb
SL,limba,lia lma,limb1267,bgs gol kis kss tne
CM,limbum,lmp,limb1268,mbz yba
CM,limbun,mis,,
MZ,lingua mapex,por,port1283,por
ZM,lla,ilb,ilaa1246,ila
BF,lobi,lob,lobi1245,lob
CI,lobi,lob,lobi1245,lob
GH,logba,lgq,logb1245,llm
TG,logba,dop,lukp1238,kby
MZ,logote,mis,,
SL,loko,lok,loko1255,lok
MZ,lolo,llb,lolo1261,eko mua
GN,loma,tod,toma1245,lma
MZ,lomue,ngl,lomw1241,mua
MZ,lomwe,ngl,lomw1241,mua
MW,lomwe,lon,mala1256,mua
BJ,lopka,dop,lukp1238,kby
MZ,loriba,mis,,
LR,lorma,lom,loma1260,lma
ZM,lozi,loz,lozi1239,loz
ZW,lozwi,mis,,
ZM,luba,mis,,
UG,lubukusu,bxk,buku1249,buk
ZM,luchazi,lch,luch1239,luc
UG,ludama,adh,adho1243,luo
UG,lufubila,kin,kiny1244,kin
UG,lufumbira,kin,kiny1244,kin
UG,luganda,lug,gand1255,lda
UG,lugbara,lgg,lugb1240,lug
UG,lugishu/lumasaba,myx,masa1299,buk
UG,lugisu,myx,masa1299,buk
TZ,luguru,ruf,lugu1238,kmi
UG,lugwere,gwr,gwer1238,lda
KE,luhya,luy,luyi1234,luy
UG,lujaluwo,alz,alur1250,luo
UG,lukene,lke,keny1278,lda
UG,lukhonjo,koo,konz1239,nde
UG,lukuku,bfa,bari1284,kuk
UG,lulamogi,xog,soga1242,lda
UG,lululi,ruc,ruul1235,nko rny rru tal
UG,luluri,ruc,ruul1235,nko rny rru tal
NG,lumama,mis,,
UG,lumasaaba,myx,masa1299,buk
UG,lumasaba,myx,masa1299,buk
MZ,lumwe,ngl,lomw1241,mua
ZM,lunda,lun,lund1266,lbu
ZM,lunda kazembe,bem,bemb1257,lmb
ZM,lungu,mgr,rung1256,mmw
NG,lunguda,lnu,long1389,bmb brb buy dga dgb grm grn kby kfe kir kkb kni kow lob lye mmp moo ncm nnn ntn ssa tem tmp vag wwa xsm
MZ,luniga,mis,,
UG,lunyala,ruc,ruul1235,nko rny rru tal
UG,lunyara,ruc,ruul1235,nko rny rru tal
UG,lunyarwanda,kin,kiny1244,kin
UG,lunyole,nuj,nyol1238,buk luy
UG,lunyoli,nuj,nyol1238,buk luy
UG,lunyoro,nyo,nyor1246,rru
KE,luo,luo,luok1236,luo
UG,luo,ach adh alz kdi laj lth,sout2831,acl lan luo
UG,luruli,ruc,ruul1235,nko rny rru tal
UG,lurundi,run,rund1242,rnd
UG,lururu,ruc,ruul1235,nko rny rru tal
UG,lusamia,lsm,saam1283,luy
UG,lusoga,xog,soga1242,lda
UG,lusudan,apd,suda1236,abb
UG,lusudani,apd,suda1236,abb
CM,lutu,mis,,
ZM,luvale,lue,luva1239,luv
UG,lwamba,rwm,amba1263,bia
CI,m'batto,gwa,mbat1247,akn anu ayi ble cum nkn
KE,maasai / samburu,mas saq,nucl1431,maa
KE,maasai/samburu,mas saq,nucl1431,maa
MZ,mabawe,mis,,
CM,mabi,nmg,kwas1243,buj
MZ,macheua,mis,,
NG,mada,mda,mada1282,mdz
CM,mada,mxu,mada1293,mda
NG,madara,mis,,
UG,madi,mhi snm,sout2827,mad
SL,madingo,emk man,east2426,mnk
CM,mafa,maf,mafa1239,dab gnd gud hna ter
NG,mafa,maf,mafa1239,dab gnd gud hna ter
NA,mafwe,mis,,
NG,maghai,gmd,magh1238,bmb brb buy dga dgb grm grn kby kfe kir kkb kni kow lob lye mmp moo ncm nnn ntn ssa tem tmp vag wwa xsm
NG,magu,mcj,mvan1238,mla
MZ,mahawea,mis,,
CI,mahohka,mxx,maho1250,mka
CI,mahouka,mxx,maho1250,mka
MZ,maindo,cwb,main1272,eko mua
CM,maka,mkk,byep1241,mkz
MZ,makonde,kde,mako1251,mkd
TZ,makonde,kde,mako1251,mkd
MZ,makua,mgh mhm vmk vmw xmc xsq,maku1279,mua
MZ,makwe,ymk,makw1236,mkd
ZW,malawian,nya,peta1244,cic
MG,"""official"" malagasy",plt,plat1254,mal
MG,malagasy officiel,plt,plat1254,mal
MG,malg officiel,plt,plat1254,mal
MG,malgache « officiel »,plt,plat1254,mal
MG,malgache officielle,plt,plat1254,mal
MG,official malagasy,plt,plat1254,mal
CM,malimba,mzd,mali1280,dua
ML,malink,man mlq mwk,west2499,maw mdk
ML,malinke,man mlq mwk,west2499,maw mdk
ML,malinké,man mlq mwk,west2499,maw mdk
CI,malinké/ dioula,jod,woje1238,mka
MZ,malolo,mis,,
CM,mambila,mis,,
NG,mambilla,mzk,nige1255,mla
ZM,mambwe,mgr,mamb1297,mmw
GH,mampruli,maw,mamp1244,mmp
GH,mamprulni,maw,mamp1244,mmp
GH,mamprusi,maw,mamp1244,mmp
NG,mamunye,mis,,
CM,mandara,mfi,wand1278,mlg
BF,mandarai,mis,,
LR,mandingo,mzj,many1261,mnk
SN,mandinka,man mnk,mand1436,mdk
SN,mandinka/bambara,bam man mnk,mand1435,bam dyu maw mdk mka mnk xas
CM,mandoua,mis,,
MW,mang'anja,nya,nyan1308,cic
NG,manga,kau kby,mang1399,knr
MW,manga'nja,nya,nyan1308,cic
CM,manguissa,mis,,
MZ,manhawa,mny,many1259,eko mua
MZ,manhembane,mis,,
MZ,manhgue,mis,,
MZ,manhungue,mxc,many1258,shn
GN,manian,mev,mann1248,man
ZW,manica (mozambican),mxc,many1258,shn
GN,maninka,emk man,east2426,mnk
SN,manjack,mfv,mand1419,mjk
SN,mankagne,mis,,
CM,mankon,nge,ngem1255,mkq
GN,mano,mev,mann1248,man
LR,mano,mev,mann1248,man
ZW,manyika,mxc,many1258,shn
MZ,maone,mis,,
MZ,mapex,mis,,
KE,marachi,lri,mara1393,luy
KE,maragoli,rag,logo1258,buk luy
KE,marama,lrm,mara1392,luy
MZ,marenge,vmr,mare1260,eko mua
MZ,marenje,vmr,mare1260,eko mua
NG,marghi,mfl mfm mrt,bura1296,bpa klb mrg
NG,margi,mrt,marg1265,mrg
BF,marka,rkm,mark1256,bam dyu mka mnk
SN,marocain,mis,,
MZ,maronga,rng,rong1268,rga
KE,masai,mas,masa1300,maa
TZ,masai,mas,masa1300,maa
KE,masai/samburu,mas saq,nucl1431,maa
CM,massa,mcn,masa1322,lam
MZ,massema,seh,nucl1396,sen
SN,massonke,mis,,
NA,masubia,sbs,subi1246,sub
MZ,matcwe,mis,,
MZ,mateu,mis,,
MZ,mateue,mis,,
MZ,matewe,twx,tewe1238,shn
MZ,mateyu,mis,,
MZ,mathewe,twx,tewe1238,shn
MZ,matowe,twx,tewe1238,shn
MZ,matsua,tsc,tswa1255,rga tsn
MZ,matswa,tsc,tswa1255,rga tsn
MZ,matxsua,tsc,tswa1255,rga tsn
ZW,maungwe,mxc,many1258,shn
ML,maure,mey,hass1238,ahs
SN,maure,mey,hass1238,ahs
CM,mba vele,bag,tuki1240,tki
CM,mbamois,mis,,
CM,mbamoise,mis,,
CM,mbang,bkh,bako1249,bas
CI,mbatto,gwa,mbat1247,akn anu ayi ble cum nkn
CM,mbe mbe,mis,,
NG,mbebe,ijs,sout2774,ijo
GA,mbédè,mdt,mber1257,mbe
KE,mbeere,ebu,embu1241,kik
CM,mbem,yam,yamb1251,yba
NG,mbembe,mfn,cros1244,agb
CM,mbesah,mis,,
CM,mbessa,mis,,
CM,mbo,mbo,mboc1235,bas bfi bga bku bnk buj buw dua ewo ldo mkz mpo tgo
CM,mbo'o,mis,,
CM,mbororo,fuv,nige1253,fni
CM,mbouda,jgo nla nnh,bami1239,fef yem
CM,mboum,mdd,mbum1254,mbm
CM,mbu,nbv,ngam1267,mud
NG,mbube,mis,,
NA,mbukushu/thimbukushu,mhw,mbuk1240,aka bbl bee blu bob bol bsh dma dng hem her ifm kil kon ktb kte kwn kwy kyo lbu lin luc luv mbe mbl mdw mgo mhu nbe ndo ndu nto sge sgl sgu sku tet tks umb vif yak yey yns
TZ,mbulu,irk,iraq1241,irq
ZM,mbunda,mck,mbun1249,luc
ZW,mdombe,mis,,
MZ,medindo,cwb,main1272,eko mua
CM,medoumba,mis,,
CM,mefewele,mis,,
CM,mefi,mis,,
CM,mekaf,mff,naki1238,non
CM,mendakwe,mis,,
LR,mende,men,mend1266,mde
SL,mende,men,mend1266,mde
CM,menka,pny,piny1238,baf mbi mkq
KE,meru,mer,meru1245,kba kik
KE,meru / embu,ebu mer,cent2274,kba kik
KE,meru/embu,ebu mer,cent2274,kba kik
KE,meru/kimeru,mer,nucl1245,mki
KE,meru/samburu,mer,meru1245,kba kik
CM,mesagie,mis,,
CM,meta,mis,,
CM,metsa,mis,,
CM,metu,mis,,
CM,mezima,mis,,
CM,mezime,mgg,mpon1254,mkz
NG,mgas,anc,ngas1240,anc
NA,mhalangwe,mis,,
NG,miango,iri,irig1241,gwo
ML,mianka,myk,mama1271,nrg sup
NG,michica,mis,,
NG,michika,mis,,
NG,michinka,mis,,
NG,migili,mgi,liji1238,bir fye gwo kgm mdz tok
GN,miguiforet,mfg,mixi1241,kko
KE,mijikenda,coh dug nyf dig,miji1238,com
GN,mikhifore,mfg,mixi1241,kko
GN,mikifore,mfg,mixi1241,kko
ZM,mikundu,mis,,
BJ,mina,gej,genn1243,ewa
TG,mina,gej,genn1243,ewa
TG,mina (guen),gej,genn1243,ewa
NG,minchika,mis,,
NG,minyam,mis,,
BF,mionga,mis,,
CM,misanje,mis,,
ZA,mixed - english/afrikaans,eng,stan1293,eng
NG,miyawa,mkf,miya1266,miy
ZW,mlemba,mis,,
GH,mo,mzw,degg1238,tmp vag
GH,moar,bim,bimo1239,bmb
CM,mobakoh,mqb,mbuk1243,ban bpa bud dab gdf gdr giz gnd gud hdi hna klb ktk lag lmg mbr mda mgu mlg mof mrg pod ter uld
CM,mockbie,mis,,
CM,moghagno,mis,,
BW,mokaa,mis,,
MZ,monga,rng,rong1268,rga
CM,monghaka,mis,,
MZ,moniaco,mhm,makh1265,mua
MZ,moniga,mhm,makh1265,mua
BF,moore,mos,moss1236,moo
BF,mooré,mos,moss1236,moo
NA,more than one local language,mul,,
BW,morotsi,mis,,
GH,moshie,mos,moss1236,moo
GH,mossi,mos,moss1236,moo
ML,mossi,mos,moss1236,moo
TG,mossi,mos,moss1236,moo
NE,mossicthe,mis,,
CM,moudan,mnf,mund1327,mud
CM,moudang,mua,mund1325,mdg
CM,moudani,mis,,
CM,moudini,mis,,
CM,moundang,mua,mund1325,mdg
CM,mougoum,mug,musg1254,mgu
CM,mousgoum,mug,musg1254,mgu
CM,mousgoun,mug,musg1254,mgu
ZW,mozambican,mis,,
CM,mozeuille,mis,,
CM,mpongo,mis,,
MZ,mtsua,tsc,tswa1255,rga tsn
MZ,muali,mis,,
MZ,muandi,wmw,mwan1247,swa
MZ,muani,wmw,mwan1247,swa
MZ,muany,wmw,mwan1247,swa
MZ,muaui,wmw,mwan1247,swa
MZ,muauni,wmw,mwan1247,swa
CM,mubako,muo,nyon1241,sle
UG,mubwisi,tlj,tali1258,tal
CM,mudele,mis,,
UG,mufumbira,kin,kiny1244,kin
NA,mufwe,fwe,fwee1238,sub
CM,mugaka,mis,,
UG,mugishu,myx,masa1299,buk
UG,mugungu,rub,gung1250,buk gus hnd hya kin lda luy nbo nde nko rnd rny rru tal
ZW,muhera,mis,,
ZM,mulambya,mis,,
UG,mulamogi,xog,soga1242,lda
UG,mululi,ruc,ruul1235,nko rny rru tal
UG,mulundi,run,rund1242,rnd
ZM,mumba,mis,,
NG,mumugar,mis,,
NG,mumuye,mzm,nucl1240,mum
CM,mundani,mnf,mund1327,mud
MZ,munga,mhm,makh1265,mua
MZ,muni,mis,,
MZ,muniga,mhm,makh1265,mua
MZ,muninga,mhm,makh1265,mua
MZ,munoga,mhm,makh1265,mua
UG,munyabindi,mis,,
UG,munyarwanda,kin,kiny1244,kin
KE,munyaya,orc,orma1241,orb
NG,mupun,sur,mwag1236,mup
UG,muruli,ruc,ruul1235,nko rny rru tal
UG,murundi,run,rund1242,rnd
NG,muryang,mis,,
CM,musgum,mug,musg1254,mgu
ZW,mushangwe,mis,,
UG,musungora,koo,konz1239,nde
UG,mutagwenda,nyo,nyor1246,rru
UG,mutgwenda,nyo,nyor1246,rru
NG,mwaghauw,sur,mwag1236,mup
NG,mwaghavul,sur,mwag1236,mup
NG,mwaghawul,sur,mwag1236,mup
UG,mwamba,rwm,amba1263,bia
NG,mwangavul,sur,mwag1236,mup
GA,myénè,mye,myen1241,mpo
MZ,myungue,nyu,nyun1248,sen
LS,mzema,mis,,
TG,n'tcha (bassar),bud,ntch1242,ncm
GH,nabdam,gur,fare1241,grn
GH,nabi,gur,fare1241,grn
GH,nafaana,nfr,nafa1258,naf
GH,nafana,nfr,nafa1258,naf
GH,nahumuru,ncu,chum1261,cum
MZ,naindo,cwb,main1272,eko mua
GN,nallou,naj,nalu1240,bfd bsr fbf fgo fgu fma fni fum kgi ndt noo plr wlf
NA,nama,naq,nama1264,kho
ZW,nama,naq,nama1264,kho
NA,nama / damara,naq,nama1264,kho
NA,nama/damara,naq,nama1264,kho
ZW,nambiya,nmq,namb1291,klz
ZW,nambya,nmq,namb1291,klz
MZ,namica,mis,,
MW,namwanga,mwn,nyam1275,mmw
ZM,namwanga,mwn,nyam1275,mmw
NG,nanba/wanba,mis,,
KE,nandi,niq,nand1266,nan
GH,nankan,gur,fare1241,grn
GH,nankani,gur,fare1241,grn
GH,nanum,dag,dagb1246,dgb
GH,nanumba,dag,dagb1246,dgb
MZ,naoniga,mis,,
BJ,natimba,ntm,nate1242,ntn
MZ,national language,por,port1283,por
CI,naturalise,und,,
TG,nawdem (losso),nmz,nawd1238,bmb grm kkb ncm
GH,nawuri,naw,nawu1242,cum
GH,nawurt,mis,,
NG,nbula,ndr,ndoo1241,mla
CM,nchang,mis,,
CM,nchani,mis,,
CM,nchanih,mis,,
GH,nchunmuru,ncu,chum1261,cum
NG,ndala,ndr,ndoo1241,mla
MW,ndali,ndh,ndal1241,mmw nyh
MZ,ndau,ndc,ndau1241,shn
ZW,ndau,ndc,ndau1241,shn
ZA,ndebela,nbl,sout2808,ndb
BW,ndebele,nde,nort2795,swt xho zul
NA,ndebele,nde,nort2795,swt xho zul
ZM,ndebele,nde,nort2795,swt xho zul
ZW,ndebele,nde,nort2795,swt xho zul
LS,ndebele,nbl,sout2808,ndb
SZ,ndebele,nbl,sout2808,ndb
ZA,ndebele,nbl,sout2808,ndb
CM,ndi,www,wawa1246,mla
NG,ndochi,mis,,
NG,ndola,ndr,ndoo1241,mla
NG,ndoro,ndr,ndoo1241,mla
NG,nedere,kmy,koma1266,doy
NG,nembe,ijs,sout2774,ijo
CI,neyo,wec,wewe1238,gue
UG,ngakarimajong,kdj,kara1483,kmj
TG,ngam-gam,gng,ngan1299,kkb
CM,ngambaye,mis,,
NG,ngas,anc,ngas1240,anc
CM,ngemba,nge,ngem1255,mkq
CM,ngi,ngj,ngie1242,mud
CM,ngoa,mis,,
CM,ngobale,mis,,
TZ,ngoni,ngo,ngon1269,ngo
MW,ngoni,nya,ngon1270,cic
ZM,ngoni,nse,ngon1271,nse
MZ,ngony,mis,,
CM,ngou,mis,,
CM,ngueba,nnh,ngie1241,fef yem
ZM,ngumbo,bem,bemb1257,lmb
MZ,ngungue,nyu,nyun1248,sen
CM,nguo,mis,,
CM,ngwoh,mis,,
CM,ngyemboon,nnh,ngie1241,fef yem
MZ,nharinga,mis,,
MZ,nhugue,nyu,nyun1248,sen
MZ,nhumgue,nyu,nyun1248,sen
MZ,nhungoe,nyu,nyun1248,sen
MZ,nhungue,mxc,hung1277,shn
MZ,nhunguem,nyu,nyun1248,sen
MZ,nhungwe,nyu,nyun1248,sen
MZ,nhunhue,nyu,nyun1248,sen
MZ,nhunque,nyu,nyun1248,sen
NG,nigili,mgi,liji1238,bir fye gwo kgm mdz tok
NG,ningawa,mis,,
NG,ninzom,nin,ninz1246,mdz
CM,njikwa,ngn,ngwo1241,mud
MZ,njumgue,nyu,nyun1248,sen
MZ,njungue,nyu,nyun1248,sen
MZ,njungur,nyu,nyun1248,sen
CM,nkambe,mis,,
ZM,nkaya,nya,nyan1308,cic
MW,nkhonde,nyy,nkon1246,mmw nyh
GH,nkona,nko,nkon1245,nkn
ZM,nkoya,nka,nkoy1244,blu hem kil kyo sge
GH,nkura,nku,kula1277,bmb brb buy dga dgb grm grn kby kfe kir kkb kni kow lob lye mmp moo ncm nnn ntn ssa tem tmp tou tow vag wwa xsm
NG,nkwana,mis,,
CM,nkwen,mfd,mend1261,baf mbi mkq
ZW,nleya zambia,mis,,
CM,nlimbom,mis,,
CM,nnaga eboko,mis,,
GH,noingo,ada,adan1247,ga
CM,noni,nhu,noon1243,non
NG,normana,nbr,numa1252,mdz
NG,north ivie,mis,,
GH,nsahas,mis,,
MZ,nsenga,nse,nucl1377,tsw
ZM,nsenga,nse,nucl1397,nse
CM,nsie,mis,,
CM,nso,lns,lamn1239,lns
ZM,nswaka,mis,,
CM,ntem,mis,,
CM,ntenako,mis,,
CM,ntoumou,fan,ntum1238,buw ewo
KE,nubi,kcn,nubi1253,nub
KE,nubian,kcn,nubi1253,nub
UG,nubian,kcn,nubi1253,nub
SD,nubian language,dgl fia ghl kdu kko mei wll,nubi1251,mid nbh
NG,numana,nbr,numa1252,mdz
MZ,nunga,mis,,
NG,nungu,rin,nung1292,mdz
NG,nupe,nup,nupe1254,nup
GH,nusu,mis,,
MZ,nuto,mis,,
NG,nwangavul,sur,mwag1236,mup
CM,nweh,nwe,ngwe1238,fef yem
ZW,nyaho (chawa),nya,chew1246,cic
TZ,nyakyusa,nyy,nyak1260,mmw nyh
KE,nyala,nle,east2409,luy
TZ,nyamwezi,nym,nyam1276,nym
NG,nyandang,ynq,yend1241,mum
MW,nyanja,nya,nyan1308,cic
MZ,nyanja,nya,nyan1308,cic
ZM,nyanja,nya,nyan1308,cic
ZW,nyanja,nya,nyan1308,cic
KE,nyarwanda,kin,kiny1244,kin
KE,nyasa,mis,,
ZW,nyasaland,nya,nyas1241,cic
CM,nyem nyem,sgi,suga1248,mla
NA,nyemba,kua,kuan1247,mhu ndo
MZ,nyhungue,nyu,nyun1248,sen
ZM,nyika,nih nkv,cent2285,nyh
MW,nyika,nkv,nyik1246,nyh
CM,nyokon,nvo,nyok1243,gun tki
MZ,nyongue,nyu,nyun1248,sen
KE,nyore,nyd,nyor1244,luy
MZ,nyuenge,nyu,nyun1248,sen
MZ,nyugue,nyu,nyun1248,sen
MZ,nyunge,nyu,nyun1248,sen
MZ,nyungue,nyu,nyun1248,sen
MZ,nyungunhe,nyu,nyun1248,sen
MZ,nyungwe,nyu,nyun1248,sen
MZ,nyyngue,nyu,nyun1248,sen
GA,nzébi/métié,nzb,njeb1242,dma
GH,nzema,nzi,nzim1238,anu ayi ble
CM,nzime,ozm,koon1245,mkz
CM,obang,etu,ejag1239,eja
NG,obodu,mis,,
NG,obubra,mis,,
CI,odienneka,jod,woje1238,mka
NG,ogae,mis,,
NG,ogaja,mis,,
NG,ogba,ogc,ogba1241,igb izi
NG,ogbia,ogb,ogbi1239,ogb
KE,ogiek,oki,okie1245,nan pkt seb
NG,ogoja,yba,yala1263,ido
NG,ogoni,ogo,khan1278,kan
NG,ohafia,ibo,nucl1417,igb
UG,okebu,ndp,ndoo1242,brz les mmv
NG,okirika,mis,,
NA,okjiherero,her,here1253,her
NG,okpe,oke,okpe1250,iso urh
NG,okpella,atg,ivbi1241,bni ets gho ora
GH,okre,mis,,
NG,okrika,okr,kiri1254,ijo
CM,oku,oku,okuu1243,oku
NG,okun,yor,yoru1245,yor
NG,olukumi,mis,,
UG,ombach,mis,,
NG,omoku,mis,,
NG,once,mis,,
NG,opobo,mis,,
NG,ora,mis,,
CM,oroko,bdu,orok1266,ldo
KE,oroma,orc,waat1239,orb
NG,oron,orx,oroo1241,efi ibi obo
CM,oshe,mis,,
CM,oshie,nsh,ngos1238,mud
NA,oshiwambo,kua,kuan1247,mhu ndo
NA,oshiwambo (oshindonga/oshikwanyama),kua ndo,ndon1253,mhu ndo
NG,ososo,oso,osos1238,bni ets gho ora
BJ,otamari,tbz,dita1238,ntn
UG,other eastern languages,und,,
NA,other kavango:rugririku,diu,diri1252,kwn
NA,other kavango:thimbukushu,mhw,mbuk1240,aka bbl bee blu bob bol bsh dma dng hem her ifm kil kon ktb kte kwn kwy kyo lbu lin luc luv mbe mbl mdw mgo mhu nbe ndo ndu nto sge sgl sgu sku tet tks umb vif yak yey yns
GH,other northern languages,und,,
UG,other northern languages,und,,
UG,other western languages,und,,
BW,otjiherero,her,here1253,her
NA,otjiherero,her,here1253,her
TG,ouatchi,wci,waci1239,ewa
BJ,outamari,tbz,dita1238,ntn
MZ,outra lingua,und,,
MZ,outras linguas,und,,
NA,ovambo languages,kua,kuan1247,mhu ndo
NG,owan,mis,,
MG,pakistanais,guj,guja1252,guj
NG,panso,lns,lamn1239,lns
BW,parakarungu,mis,,
TZ,pare,asa,asut1235,pre
ZA,pashto,pbu pus,nort2646,psh
ZA,pedi,nso,pedi1238,stn
ZA,pedi/north sotho,nso,pedi1238,stn
ZA,pedi/spedi/ north sotho,nso,pedi1238,stn
ZA,pedi/spedi/north sotho,nso,pedi1238,stn
SN,pepele,mis,,
ML,fulfulde/peul,ffm,maas1239,fum
ML,peugl/fulfulde,ffm,maas1239,fum
ML,peuhl,ffm,maas1239,fum
ML,peuhl/fulfulde,ffm,maas1239,fum
ML,peulh / fulfude,ffm,maas1239,fum
ML,peulh/ fulfulde,ffm,maas1239,fum
ML,peulh/fulfude,ffm,maas1239,fum
TG,peul,fue,borg1235,fgu fum
TG,peulh,fue,borg1235,fgu fum
BJ,peulh,fue fuh,fula1264,fbf fgo fgu fma fni fum
CI,peulh,ffm,maas1239,fum
CM,pidgin,wes,came1254,npi
NG,pidgin english,pcm,nige1257,npi
CM,pinyin,pny,piny1238,baf mbi mkq
MZ,poetugues e xitsua,por,port1283,por
KE,pokomo,pkb,poko1261,com
KE,pokot,pko,poko1263,pkt
BW,portueguese,por,port1283,por
CV,portueguese,por,port1283,por
KE,portueguese,por,port1283,por
MG,portueguese,por,port1283,por
MW,portueguese,por,port1283,por
MZ,portueguese,por,port1283,por
NA,portueguese,por,port1283,por
SN,portueguese,por,port1283,por
ST,portueguese,por,port1283,por
SZ,portueguese,por,port1283,por
TZ,portueguese,por,port1283,por
UG,portueguese,por,port1283,por
ZA,portueguese,por,port1283,por
ZM,portueguese,por,port1283,por
ZW,portueguese,por,port1283,por
BW,portugais,por,port1283,por
CV,portugais,por,port1283,por
KE,portugais,por,port1283,por
MG,portugais,por,port1283,por
MW,portugais,por,port1283,por
MZ,portugais,por,port1283,por
NA,portugais,por,port1283,por
SN,portugais,por,port1283,por
ST,portugais,por,port1283,por
SZ,portugais,por,port1283,por
TZ,portugais,por,port1283,por
UG,portugais,por,port1283,por
ZA,portugais,por,port1283,por
ZM,portugais,por,port1283,por
ZW,portugais,por,port1283,por
BW,portugues,por,port1283,por
CV,portugues,por,port1283,por
KE,portugues,por,port1283,por
MG,portugues,por,port1283,por
MW,portugues,por,port1283,por
MZ,portugues,por,port1283,por
NA,portugues,por,port1283,por
SN,portugues,por,port1283,por
ST,portugues,por,port1283,por
SZ,portugues,por,port1283,por
TZ,portugues,por,port1283,por
UG,portugues,por,port1283,por
ZA,portugues,por,port1283,por
ZM,portugues,por,port1283,por
ZW,portugues,por,port1283,por
BW,português,por,port1283,por
CV,português,por,port1283,por
KE,português,por,port1283,por
MG,português,por,port1283,por
MW,português,por,port1283,por
MZ,português,por,port1283,por
NA,português,por,port1283,por
SN,português,por,port1283,por
ST,português,por,port1283,por
SZ,português,por,port1283,por
TZ,português,por,port1283,por
UG,português,por,port1283,por
ZA,português,por,port1283,por
ZM,português,por,port1283,por
ZW,português,por,port1283,por
BW,portuguese,por,port1283,por
CV,portuguese,por,port1283,por
KE,portuguese,por,port1283,por
MG,portuguese,por,port1283,por
MW,portuguese,por,port1283,por
MZ,portuguese,por,port1283,por
NA,portuguese,por,port1283,por
SN,portuguese,por,port1283,por
ST,portuguese,por,port1283,por
SZ,portuguese,por,port1283,por
TZ,portuguese,por,port1283,por
UG,portuguese,por,port1283,por
ZA,portuguese,por,port1283,por
ZM,portuguese,por,port1283,por
ZW,portuguese,por,port1283,por
MZ,portugues e outras linguas,por,port1283,por
MZ,portugues e sena,por,port1283,por
BF,pougouli,pug,phui1238,kow ssa tmp vag
SN,pulaar,fuc,pula1263,fus
SN,pulaar/toucouleur,fuc,pula1263,fus
SN,pular,fuc,pula1263,fus
KE,punjabi,pan,panj1256,pan
GA,punu/mériè,puu,punu1239,sgu
NG,pyam,pym,fyam1238,fye
NG,pyem,pym,fyam1238,fye
MZ,quimuane,wmw,mwan1247,swa
NG,rendere,rin,nung1292,mdz
KE,rendile,rel,rend1243,ren
KE,rendille,rel,rend1243,ren
NG,ron,cla,ronn1241,ron
MZ,ronga,rng,rong1268,rga
UG,rufumbia,kin,kiny1244,kin
UG,rufumbiira,kin,kiny1244,kin
UG,rufumbira,kin,kiny1244,kin
UG,rugisu,kin,kiny1244,kin
NA,rugririku,diu,diri1252,kwn
NA,rugririku/rumanyo,diu,diri1252,kwn
UG,ruhororo,nyn,nyan1307,rny
UG,rukiga,cgg,chig1238,nko
UG,rukonjo,koo,konz1239,nde
UG,rukonzo,koo,konz1239,nde
NG,rukuba,ruk,chee1238,mdz
NA,rukwangali,kwn,kwan1273,kwn
UG,rululi,ruc,ruul1235,nko rny rru tal
UG,rulundi,run,rund1242,rnd
NA,rumbundu,umb,umbu1257,umb
UG,rungungu,rub,gung1250,buk gus hnd hya kin lda luy nbo nde nko rnd rny rru tal
UG,runyankole,nyn,nyan1307,rny
UG,runyankole - rukiga,cgg nyn,nkor1241,nko rny
UG,runyankole-rukiga,nyn,nyan1307,rny
UG,runyankore-rukiga,cgg,nkor1241,nko rny
UG,runyarwanda,kin,kiny1244,kin
UG,runyolo,nyo,nyor1246,rru
UG,runyoro,nyo,nyor1246,rru
UG,runyoro - rutooro,nyo ttj,nyor1247,rru
UG,runyoro-rutooro,nyo,nyor1247,rru
UG,ruruli,ruc,ruul1235,nko rny rru tal
UG,rusongora,koo,konz1239,nde
UG,rutagwenda,nyo,ruta1240,rru
UG,rutooro,ttj,toor1238,rru
UG,rutoro,ttj,toor1238,rru
UG,ruyankole,nyn,nyan1307,rny
UG,rwamba,rwm,amba1263,bia
UG,rwandese,kin,kiny1244,kin
KE,sabaot,spy,saba1262,seb
UG,sabiny,kpz,kups1238,seb
KE,saboti,spy,saba1262,seb
ZM,sala,shq,sala1266,ila toz
BF,sambla,sos,seek1238,bbf
UG,samia,lsm,saam1283,luy
UG,samia-lugwe,lsm,saam1283,luy
BF,samo,sbd stj sym,mand1437,bok bus
ML,samogo,dux,duun1242,bbf
ML,samoko,dux,duun1242,bbf
CI,samoro,mis,,
GH,sampa,mis,,
NA,san,ktz,juho1239,juh
CM,sanaga,bag,tuki1240,tki
LR,sapo,krn,sapo1251,gue
CM,sara,sba,ngam1268,ngm
LR,sarpo,krn,sapo1251,gue
CM,sawa,dua,dual1243,dua
NG,sayawa,say,saya1246,bad miy ngz paa
BW,sebanderu,mis,,
BW,sebirwa,brl,birw1238,stn
BW,sebolongwe,mis,,
GH,sefwi,sfw,sehw1238,anu ayi ble
GH,sefwi/sehwi,sfw,sehw1238,anu ayi ble
BW,segxereku,mis,,
BW,seherero,her,here1253,her
BW,sekalanga,kck,kala1384,klz
BW,sekgaladi,xkv,nucl1377,tsw
BW,sekgalagadi,xkv,nucl1377,tsw
BW,sekgothu,naq,nama1264,kho
BW,sekhurutsi,tsn,tswa1253,tsw
BW,sekolong,mis,,
BW,sembukushu,mhw,mbuk1240,aka bbl bee blu bob bol bsh dma dng hem her ifm kil kon ktb kte kwn kwy kyo lbu lin luc luv mbe mbl mdw mgo mhu nbe ndo ndu nto sge sgl sgu sku tet tks umb vif yak yey yns
MW,sena,swk,mala1475,sen
ZW,sena,nse,nsen1242,nse
MZ,sena,seh,nucl1396,sen
MZ,sena e portugues,seh,nucl1396,sen
BW,senajwa,mis,,
BW,senanjwa,mis,,
ZM,senga,nse,nucl1397,nse
MW,senga,tum,seng1277,cic sen
BW,sengologa,xkv,ngol1245,tsw
BF,senoufo,kza sen sep seq xrb,senu1239,dym naf nrg snd sup tny
CI,sénoufo,dyi plr seb sef sev tgw,senu1239,dym naf nrg snd sup tny
BF,sénoufo,kza sen sep seq xrb,senu1239,dym naf nrg snd sup tny
ML,senufo,myk shz spp,nort3254,nrg sup
ML,senufo/ mianka,myk,mama1271,nrg sup
GH,senya,afu,awut1241,cum nkn
BW,sepedi,nso,pedi1238,stn
NA,sepedi,nso,pedi1238,stn
ZA,sepedi,nso,pedi1238,stn
BW,sepedi/n.sotho,nso,pedi1238,stn
NA,sepedi/n.sotho,nso,pedi1238,stn
ZA,sepedi/n.sotho,nso,pedi1238,stn
LS,sephotsa,xho,xhos1239,xho
LS,sephuthi,ssw,swat1243,swt
LS,sephuti,ssw,swat1243,swt
LS,seputhi,ssw,swat1243,swt
LS,seputi,ssw,swat1243,swt
SN,serer,srr,sere1260,fbf fgo fgu fma fni fum
SN,serere,srr,sere1260,fbf fgo fgu fma fni fum
BW,sesarwa,hio,tsoa1238,det
BW,seshona,sna,shon1251,shn
BW,sesobea,sbs,subi1246,sub
BW,sesobeya,sbs,subi1246,sub
BW,sesotho,sot,sout2807,ses
LS,sesotho,sot,sout2807,ses
ZA,sesotho,sot,sout2807,ses
BW,"sesotho,sotho, s.sotho",sot,sout2807,ses
LS,"sesotho,sotho, s.sotho",sot,sout2807,ses
ZA,"sesotho,sotho, s.sotho",sot,sout2807,ses
BW,sesotho/sotho/ south sotho,sot,sout2807,ses
LS,sesotho/sotho/ south sotho,sot,sout2807,ses
ZA,sesotho/sotho/ south sotho,sot,sout2807,ses
BW,sesotho/sotho/south sotho,sot,sout2807,ses
LS,sesotho/sotho/south sotho,sot,sout2807,ses
ZA,sesotho/sotho/south sotho,sot,sout2807,ses
BW,sesotho/south sotho,sot,sout2807,ses
LS,sesotho/south sotho,sot,sout2807,ses
ZA,sesotho/south sotho,sot,sout2807,ses
BW,sesubia,sbs,subi1246,sub
BW,setebele,nde,nort2795,swt xho zul
LS,sethepu,xho,them1241,xho
BW,setlharo,mis,,
BW,setlharwa,mis,,
ZA,setsonga,tso,tson1249,tsn
ZA,setswana,tsn,tswa1253,tsw
ZA,setswana/ tswana,tsn,tswa1253,tsw
ZA,setswana/tswana,tsn,tswa1253,tsw
BW,setswapong,two,tswa1237,stn
BW,sexhereko,her,here1253,her
BW,sexhosa,xho,xhos1239,xho
BW,seyei,yey,yeyi1239,yey
BW,seyeyi,yey,yeyi1239,yey
BW,sezezuru,sna,zezu1238,shn
BW,sezuru,sna,zezu1238,shn
BJ,shabe,cbj,edec1238,yor
SZ,shangaan,tso,chan1318,tsn
ZA,shangaan,tso,chan1318,tsn
ZW,shangaan,tso,chan1318,tsn
ZA,shangaan/tsonga,tso,tson1249,tsn
ZA,shangaan/tsonga/ronga/tswa,tsc tso,tswa1254,rga tsn
ZW,shangaan/tsonga/ronga/tswa,tsc tso,tswa1254,rga tsn
ZW,shangani,tso,chan1318,tsn
ZW,shangwe,sna,shon1251,shn
KE,shelshel,mis,,
SL,sherbo,bun,sher1258,kis kss
SL,sherbro,bun,sher1258,kis kss
ZM,shila,tap,taab1238,tbw
MZ,shimakonde,kde,mako1251,mkd
MZ,shona,ndc,ndau1241,shn
BW,shona,sna,shon1251,shn
NA,shona,sna,shon1251,shn
ZM,shona,sna,shon1251,shn
ZW,shona,sna,shon1251,shn
ZW,shona & ndebele,sna,shon1251,shn
MZ,"shona, cheua",sna,shon1251,shn
BW,shona/sezuru,sna,shon1251,shn
NG,shuwa,shu,chad1249,arn
NG,shuwa arab,shu,chad1249,arn
CI,siaka,kga,koya1253,mka
NG,sidawa,say,saya1246,bad miy ngz paa
ZW,sidombe,mis,,
NA,sifwe,fwe,fwee1238,sub
BW,silozi,loz,lozi1239,loz
NA,silozi,loz,lozi1239,loz
ZM,silozi,loz,lozi1239,loz
ZM,siluchazi,mis,,
TG,sirka,mis,,
GH,sisaala,sil ssl,sisa1248,ssa
GH,sisila,sil ssl,sisa1248,ssa
BF,sissaba,mis,,
GH,sissala,sil ssl,sisa1248,ssa
GH,sissali,sil ssl,sisa1248,ssa
SZ,siswati,ssw,swat1243,swt
ZA,siswati,ssw,swat1243,swt
ZA,siswazi,ssw,swat1243,swt
NG,siyawa,mis,,
CM,so'o,mis,,
CI,sokouya,mis,,
BJ,sola,soy,miyo1238,bmb dga dgb grm grn kkb mmp moo ncm ntn wwa
TG,sola,soy,miyo1238,bmb dga dgb grm grn kkb mmp moo ncm ntn wwa
ZM,soli,sby,soli1239,ila toz
KE,somali,som,soma1255,som
GH,someja,mis,,
SN,sonike,snk,soni1259,snn
ML,sonink,snk,soni1259,snn
ML,soninke,snk,soni1259,snn
SN,soninke,snk,soni1259,snn
ML,soninké,snk,soni1259,snn
ML,soninké / sarakollé,snk,soni1259,snn
ML,soninke/ sarakoll,snk,soni1259,snn
ML,soninké/sarakolé,snk,soni1259,snn
BF,sonra,hmb,humb1243,kse zar
BF,sonrai,hmb,humb1243,kse zar
ML,sonrha,hmb khq ses,song1307,kch kse
ML,sonrhai,hmb khq ses,song1307,kch kse
ML,sonrhaï,hmb khq ses,song1307,kch kse
CM,soro,mis,,
ZW,sotho,nso,pedi1238,stn
ZA,sotho/south sotho,sot,sout2807,ses
GN,soussou,sus,susu1250,sus
SN,soussou,sus,susu1250,sus
LR,standard english,eng,stan1293,eng
KE,suba,sxb,suba1238,gus
TZ,sukuma,suk,suku1261,skm
MW,sukwa,ndh,ndal1241,mmw nyh
SL,susu,sus,susu1250,sus
ZW,suthu,tsn,tswa1253,tsw
BI,swahili,swh,swah1253,swa
KE,swahili,swh,swah1253,swa
SZ,swahili,swh,swah1253,swa
TZ,swahili,swh,swah1253,swa
UG,swahili,swh,swah1253,swa
ZM,swahili,swc,cong1236,swa
ZM,swaka,leb,lala1264,lmb
MZ,swazi,ssw,swat1243,swt
ZA,swazi,ssw,swat1243,swt
ZM,swazi,ssw,swat1243,swt
ZW,swazi,ssw,swat1243,swt
NG,taba,ldb,idun1241,kgm
ZM,tabwa,tap,taab1238,tbw
MZ,tacuane,tke,takw1238,eko mua
CI,tagbana,tgw,tagw1240,dym naf
CI,tagbanan,mis,,
KE,taita,dav,tait1250,dbd
GH,talensi,gur,fare1241,grn
BF,tamacheck,mis,,
ML,tamasheq,taq ttq,tuar1240,tai tsk
NE,tamasheq,thv thz ttq,tuar1240,tai tsk
MA,tamazight,tzm zgh,cent2194,bse
DZ,tamazight,kab,kaby1243,kbl
TG,tamberma,tbz,dita1238,ntn
GH,tampulma,tpm,tamp1252,tmp
MG,tanala,plt,tana1285,mal
KE,tanchoni,lts,tach1242,luy
SN,tanda,mis,,
NG,tangale,tan,nucl1696,tan
NG,tangali,tan,nucl1696,tan
NG,tangoa,uta,otan1238,tiv
UG,tanzanian,swh,swah1253,swa
GH,tapulsi,tpm,tamp1252,tmp
NG,tarah,ttr,tera1251,ter
NG,taroh,yer,taro1263,tok
NG,tarok,yer,taro1263,tok
ZW,taura (mozambican),twl,tawa1270,shn
KE,taveta,tvs,tave1240,pre
TG,tchamba,aks,akas1242,ncm
CM,tchang,ybb,yemb1246,yem
GN,tcheddere,mis,,
TG,tchokossi,cko,anuf1239,anu
TG,tchpkossi (anoufom),cko,anuf1239,anu
MZ,tchthewa,nya,chew1246,cic
TG,tem (kotokoli),kdh,temm1241,tem
TG,temberma,mis,,
SL,temne,tem,timn1235,tne
CI,teninka,mis,,
NG,tera,ttr,tera1251,ter
KE,teso,teo,teso1249,tes
MZ,tewe,twx,tewe1238,shn
KE,tharaka,thk,thar1283,kba kik
NA,thimbukushu,mhw,mbuk1240,aka bbl bee blu bob bol bsh dma dng hem her ifm kil kon ktb kte kwn kwy kyo lbu lin luc luv mbe mbl mdw mgo mhu nbe ndo ndu nto sge sgl sgu sku tet tks umb vif yak yey yns
NG,tigum,nza,tigo1236,juk
NG,tigun,nza,tigo1236,juk
CM,tikar,tik,tika1246,tik
CM,tikari,tik,tika1246,tik
GH,timbru,mis,,
KE,tiriki,ida,idak1243,buk luy
NG,tiv,tiv,tivv1240,tiv
BW,tjimbanderu,mis,,
ZM,tokaleya,toi,tong1318,toz
GN,toma,tod,toma1245,lma
GN,toma mania,tod,toma1245,lma
GH,tombolon,tpm,tamp1252,tmp
ZM,tonga,toi,tong1318,toz
ZW,tonga,toi,tong1318,toz
MW,tonga,tog,tong1321,cic sen
MZ,tonga,tso,tson1249,tsn
SZ,tonga,tso,tson1249,tsn
ZA,tonga,tso,tson1249,tsn
NA,totela,mis,,
NE,touareg,thv thz ttq,tuar1240,tai tsk
GN,touba,mis,,
NE,toubou,dzg,daza1242,tbu
CM,toupouri,tui,tupu1244,tpr
CI,tour,neb,tour1242,dbw
CI,toura,neb,tour1242,dbw
SN,tourka,mis,,
BF,toussian,tsp wib,tusi1238,tou tow
ML,trouka,mis,,
ZW,tsenga,nse,nucl1397,nse
GA,tsogho,tsv,tsog1243,tgo
SZ,tsonga,tso,tson1249,tsn
ZA,tsonga,tso,tson1249,tsn
NA,tswana,tsn,tswa1253,tsw
ZA,tswana,tsn,tswa1253,tsw
KE,tugen,tuy,tuge1241,nan
NG,tukun,nza,tigo1236,juk
NG,tula,tul,tula1252,bmb brb buy dga dgb grm grn kby kfe kir kkb kni kow lob lye mmp moo ncm nnn ntn ssa tem tmp vag wwa xsm
ZM,tumbka,mis,,
MW,tumbuka,tum,tumb1250,cic sen
ZM,tumbuka,tum,tumb1250,cic sen
ZW,tumbuka,tum,tumb1250,cic sen
BF,turka,tuz,turk1306,kir
KE,turkana,tuv,turk1308,tna
NG,ubibio,ibb,ibib1240,ibi
NG,ugep,yaz,loka1252,agb
NG,ukwale,ukw,ukwu1241,igb izi
NG,ukwani,ukw,ukwu1241,igb izi
NG,umone,bcs umm,kohu1243,koh
NG,urhobo,urh,urho1239,urh
ZM,ushi,auh,aush1241,lmb
ZM,usmi,mis,,
NA,uumbundu,umb,umbu1257,umb
NG,uwa,mis,,
NG,uzeba,mis,,
LR,vai,vai,vaii1241,vai
SL,vai,vai,vaii1241,vai
KE,vatsotso,lto,tsot1241,luy
NA,venda,ven,vend1245,ven
ZA,venda,ven,vend1245,ven
ZW,venda,ven,vend1245,ven
ZW,vhitori,sna,shon1251,shn
BF,vigue,vig,viem1243,bmb brb buy dga dgb grm grn kby kfe kir kkb kni kow lob lye mmp moo ncm nnn ntn ssa tem tmp tou tow vag wwa xsm
GH,wa dormu,mis,,
GH,waala,wlx,wali1263,dga
GH,waale,wlx,wali1263,dga
BJ,waama,wwa,waam1244,wwa
NG,waja,wja,waja1259,bmb brb buy dga dgb grm grn kby kfe kir kkb kni kow lob lye mmp moo ncm nnn ntn ssa tem tmp vag wwa xsm
CI,wan,wan,wann1242,wna
CM,wandala,mfi,wand1278,mlg
KE,wanga,lwg,wang1294,luy
GH,wangara,mis,,
GH,wangra,mis,,
KE,wardei,som,soma1255,som
BJ,warma,wwa,waam1244,wwa
GH,wassa,wss,wasa1244,akn
TG,watchi,mis,,
CM,weh,weh,wehh1238,agh
CM,wibum,mis,,
CM,widikum,mis,,
CM,wimbum,lmp,limb1268,mbz yba
MW,wiza,leb,bisa1264,lmb
CI,wobe,wob,weno1238,wob
ML,wolof,wol,nucl1347,wlf
SN,wolof,wol,nucl1347,wlf
GN,wome,mis,,
CM,womela,mis,,
CI,worodougou,jud,woro1256,mka
GH,wulisa,mis,,
NG,wurkum,piy,piya1245,kwm per tan
NG,wurkun,piy,piya1245,kwm per tan
LS,xhosa,xho,xhos1239,xho
ZA,xhosa,xho,xhos1239,xho
ZW,xhosa,xho,xhos1239,xho
MZ,xibarue,bwg,barw1243,sen
MZ,xichangana,tso,chan1318,tsn
MZ,xirhonga,rng,rong1268,rga
MZ,xiteu,twx,tewe1238,shn
MZ,xitsau,tsc,tswa1255,rga tsn
ZA,xitsonga,tso,tson1249,tsn
MZ,xitsua,tsc,tswa1255,rga tsn
MZ,xitswa,tsc,tswa1255,rga tsn
ZA,xtsonga,tso,tson1249,tsn
CM,yabassi,dua,dual1243,dua
CI,yacouba,dnj,dann1241,dbw
NG,yakhor,yaz,loka1252,agb
NG,yakur,yaz,loka1252,agb
NG,yakuri,yaz,loka1252,agb
NG,yakurr,yaz,loka1252,agb
NG,yala,yba,yala1263,ido
SL,yalunka,yal,yalu1240,sus
CM,yamba,yam,yamb1251,yba
CM,yambassa,yav,yang1293,gun
CM,yamben,mis,,
BF,yanan,mos,moss1236,moo
TG,yanga,mos,moss1236,moo
MW,yao,yao,yaoo1241,yao
MZ,yao,yao,yaoo1241,yao
ZW,yao,yao,yaoo1241,yao
CI,yaoure,yre,yaou1238,gro
ZM,yawa,mis,,
CM,yebekol,mis,,
BJ,yoa,pil,yomm1242,bmb grm kkb ncm
BJ,yom,pil,yomm1242,bmb grm kkb ncm
TG,yorouba,yor,yoru1245,yor
BJ,yoruba,yor,yoru1245,yor
NG,yoruba,yor,yoru1245,yor
TG,yoruba,yor,yoru1245,yor
NG,youm,mis,,
GH,zabagle,mis,,
GH,zabrama,mis,,
NG,zamji,mis,,
GH,zamrama,mis,,
NG,zar,say,saya1246,bad miy ngz paa
TZ,zaramo,zaj,zara1247,kmi
NE,zarma/songhaï,dje,zarm1239,zar
NE,zarrma/songhaï,dje,zarm1239,zar
NA,zembas,dhm,zemb1238,her
ML,zerma,dje,zarm1239,zar
BJ,zerma,mis,,
ZM,zezulu,zul,zulu1248,zul
BW,zezuru,sna,zezu1238,shn
ZW,zezuru,sna,zezu1238,shn
LS,zhoza,xho,xhos1239,xho
CI,zinninga,mis,,
CM,zoulgo,gnd,zulg1242,mda mof uld
GH,zugu,mis,,
BW,isizulu,zul,zulu1248,zul
SZ,isizulu,zul,zulu1248,zul
ZA,isizulu,zul,zulu1248,zul
BW,sizulu,zul,zulu1248,zul
SZ,sizulu,zul,zulu1248,zul
ZA,sizulu,zul,zulu1248,zul
BW,zulu,zul,zulu1248,zul
SZ,zulu,zul,zulu1248,zul
ZA,zulu,zul,zulu1248,zul
NG,zuro,dri,lila1245,duk
NG,zuru,dri,lila1245,duk
BF,"",und,,
BI,"",und,,
BJ,"",und,,
BW,"",und,,
CI,"",und,,
CM,"",und,,
CV,"",und,,
DZ,"",und,,
EG,"",und,,
GA,"",und,,
GH,"",und,,
GN,"",und,,
KE,"",und,,
LR,"",und,,
LS,"",und,,
MA,"",und,,
MG,"",und,,
ML,"",und,,
MU,"",und,,
MW,"",und,,
MZ,"",und,,
NA,"",und,,
NE,"",und,,
NG,"",und,,
SD,"",und,,
SL,"",und,,
SN,"",und,,
ST,"",und,,
SZ,"",und,,
TG,"",und,,
TN,"",und,,
TZ,"",und,,
UG,"",und,,
ZA,"",und,,
ZM,"",und,,
ZW,"",und,,
BF,-1,und,,
BI,-1,und,,
BJ,-1,und,,
BW,-1,und,,
CI,-1,und,,
CM,-1,und,,
CV,-1,und,,
DZ,-1,und,,
EG,-1,und,,
GA,-1,und,,
GH,-1,und,,
GN,-1,und,,
KE,-1,und,,
LR,-1,und,,
LS,-1,und,,
MA,-1,und,,
MG,-1,und,,
ML,-1,und,,
MU,-1,und,,
MW,-1,und,,
MZ,-1,und,,
NA,-1,und,,
NE,-1,und,,
NG,-1,und,,
SD,-1,und,,
SL,-1,und,,
SN,-1,und,,
ST,-1,und,,
SZ,-1,und,,
TG,-1,und,,
TN,-1,und,,
TZ,-1,und,,
UG,-1,und,,
ZA,-1,und,,
ZM,-1,und,,
ZW,-1,und,,
BF,don't know,und,,
BI,don't know,und,,
BJ,don't know,und,,
BW,don't know,und,,
CI,don't know,und,,
CM,don't know,und,,
CV,don't know,und,,
DZ,don't know,und,,
EG,don't know,und,,
GA,don't know,und,,
GH,don't know,und,,
GN,don't know,und,,
KE,don't know,und,,
LR,don't know,und,,
LS,don't know,und,,
MA,don't know,und,,
MG,don't know,und,,
ML,don't know,und,,
MU,don't know,und,,
MW,don't know,und,,
MZ,don't know,und,,
NA,don't know,und,,
NE,don't know,und,,
NG,don't know,und,,
SD,don't know,und,,
SL,don't know,und,,
SN,don't know,und,,
ST,don't know,und,,
SZ,don't know,und,,
TG,don't know,und,,
TN,don't know,und,,
TZ,don't know,und,,
UG,don't know,und,,
ZA,don't know,und,,
ZM,don't know,und,,
ZW,don't know,und,,
BF,missing,und,,
BI,missing,und,,
BJ,missing,und,,
BW,missing,und,,
CI,missing,und,,
CM,missing,und,,
CV,missing,und,,
DZ,missing,und,,
EG,missing,und,,
GA,missing,und,,
GH,missing,und,,
GN,missing,und,,
KE,missing,und,,
LR,missing,und,,
LS,missing,und,,
MA,missing,und,,
MG,missing,und,,
ML,missing,und,,
MU,missing,und,,
MW,missing,und,,
MZ,missing,und,,
NA,missing,und,,
NE,missing,und,,
NG,missing,und,,
SD,missing,und,,
SL,missing,und,,
SN,missing,und,,
ST,missing,und,,
SZ,missing,und,,
TG,missing,und,,
TN,missing,und,,
TZ,missing,und,,
UG,missing,und,,
ZA,missing,und,,
ZM,missing,und,,
ZW,missing,und,,
BF,missing data,und,,
BI,missing data,und,,
BJ,missing data,und,,
BW,missing data,und,,
CI,missing data,und,,
CM,missing data,und,,
CV,missing data,und,,
DZ,missing data,und,,
EG,missing data,und,,
GA,missing data,und,,
GH,missing data,und,,
GN,missing data,und,,
KE,missing data,und,,
LR,missing data,und,,
LS,missing data,und,,
MA,missing data,und,,
MG,missing data,und,,
ML,missing data,und,,
MU,missing data,und,,
MW,missing data,und,,
MZ,missing data,und,,
NA,missing data,und,,
NE,missing data,und,,
NG,missing data,und,,
SD,missing data,und,,
SL,missing data,und,,
SN,missing data,und,,
ST,missing data,und,,
SZ,missing data,und,,
TG,missing data,und,,
TN,missing data,und,,
TZ,missing data,und,,
UG,missing data,und,,
ZA,missing data,und,,
ZM,missing data,und,,
ZW,missing data,und,,
BF,other,und,,
BI,other,und,,
BJ,other,und,,
BW,other,und,,
CI,other,und,,
CM,other,und,,
CV,other,und,,
DZ,other,und,,
EG,other,und,,
GA,other,und,,
GH,other,und,,
GN,other,und,,
KE,other,und,,
LR,other,und,,
LS,other,und,,
MA,other,und,,
MG,other,und,,
ML,other,und,,
MU,other,und,,
MW,other,und,,
MZ,other,und,,
NA,other,und,,
NE,other,und,,
NG,other,und,,
SD,other,und,,
SL,other,und,,
SN,other,und,,
ST,other,und,,
SZ,other,und,,
TG,other,und,,
TN,other,und,,
TZ,other,und,,
UG,other,und,,
ZA,other,und,,
ZM,other,und,,
ZW,other,und,,
BF,others,und,,
BI,others,und,,
BJ,others,und,,
BW,others,und,,
CI,others,und,,
CM,others,und,,
CV,others,und,,
DZ,others,und,,
EG,others,und,,
GA,others,und,,
GH,others,und,,
GN,others,und,,
KE,others,und,,
LR,others,und,,
LS,others,und,,
MA,others,und,,
MG,others,und,,
ML,others,und,,
MU,others,und,,
MW,others,und,,
MZ,others,und,,
NA,others,und,,
NE,others,und,,
NG,others,und,,
SD,others,und,,
SL,others,und,,
SN,others,und,,
ST,others,und,,
SZ,others,und,,
TG,others,und,,
TN,others,und,,
TZ,others,und,,
UG,others,und,,
ZA,others,und,,
ZM,others,und,,
ZW,others,und,,
BF,refused to answer,und,,
BI,refused to answer,und,,
BJ,refused to answer,und,,
BW,refused to answer,und,,
CI,refused to answer,und,,
CM,refused to answer,und,,
CV,refused to answer,und,,
DZ,refused to answer,und,,
EG,refused to answer,und,,
GA,refused to answer,und,,
GH,refused to answer,und,,
GN,refused to answer,und,,
KE,refused to answer,und,,
LR,refused to answer,und,,
LS,refused to answer,und,,
MA,refused to answer,und,,
MG,refused to answer,und,,
ML,refused to answer,und,,
MU,refused to answer,und,,
MW,refused to answer,und,,
MZ,refused to answer,und,,
NA,refused to answer,und,,
NE,refused to answer,und,,
NG,refused to answer,und,,
SD,refused to answer,und,,
SL,refused to answer,und,,
SN,refused to answer,und,,
ST,refused to answer,und,,
SZ,refused to answer,und,,
TG,refused to answer,und,,
TN,refused to answer,und,,
TZ,refused to answer,und,,
UG,refused to answer,und,,
ZA,refused to answer,und,,
ZM,refused to answer,und,,
ZW,refused to answer,und,,
